solid exported
	facet normal 0 0 -1
		outer loop
			vertex 2.0999999046325684 -0.75 3.0499999970197678
			vertex -2.0999999046325684 -0.75 3.0499999970197678
			vertex -2.0999999046325684 0.75 3.0499999970197678
		endloop
	endfacet
	facet normal 0 0 -1
		outer loop
			vertex -2.0999999046325684 0.75 3.0499999970197678
			vertex 2.0999999046325684 0.75 3.0499999970197678
			vertex 2.0999999046325684 -0.75 3.0499999970197678
		endloop
	endfacet
	facet normal 0 0 1
		outer loop
			vertex -2.0999999046325684 0.75 3.2000000029802322
			vertex -2.0999999046325684 -0.75 3.2000000029802322
			vertex 2.0999999046325684 -0.75 3.2000000029802322
		endloop
	endfacet
	facet normal 0 0 1
		outer loop
			vertex 2.0999999046325684 -0.75 3.2000000029802322
			vertex 2.0999999046325684 0.75 3.2000000029802322
			vertex -2.0999999046325684 0.75 3.2000000029802322
		endloop
	endfacet
	facet normal 1 0 0
		outer loop
			vertex 2.0999999046325684 -0.75 3.0499999970197678
			vertex 2.0999999046325684 0.75 3.0499999970197678
			vertex 2.0999999046325684 -0.75 3.2000000029802322
		endloop
	endfacet
	facet normal 1 0 0
		outer loop
			vertex 2.0999999046325684 0.75 3.0499999970197678
			vertex 2.0999999046325684 0.75 3.2000000029802322
			vertex 2.0999999046325684 -0.75 3.2000000029802322
		endloop
	endfacet
	facet normal 0 1 0
		outer loop
			vertex 2.0999999046325684 0.75 3.0499999970197678
			vertex -2.0999999046325684 0.75 3.0499999970197678
			vertex 2.0999999046325684 0.75 3.2000000029802322
		endloop
	endfacet
	facet normal 0 1 0
		outer loop
			vertex -2.0999999046325684 0.75 3.0499999970197678
			vertex -2.0999999046325684 0.75 3.2000000029802322
			vertex 2.0999999046325684 0.75 3.2000000029802322
		endloop
	endfacet
	facet normal -1 0 0
		outer loop
			vertex -2.0999999046325684 0.75 3.0499999970197678
			vertex -2.0999999046325684 -0.75 3.0499999970197678
			vertex -2.0999999046325684 0.75 3.2000000029802322
		endloop
	endfacet
	facet normal -1 0 0
		outer loop
			vertex -2.0999999046325684 -0.75 3.0499999970197678
			vertex -2.0999999046325684 -0.75 3.2000000029802322
			vertex -2.0999999046325684 0.75 3.2000000029802322
		endloop
	endfacet
	facet normal 0 -1 0
		outer loop
			vertex -2.0999999046325684 -0.75 3.0499999970197678
			vertex 2.0999999046325684 -0.75 3.0499999970197678
			vertex -2.0999999046325684 -0.75 3.2000000029802322
		endloop
	endfacet
	facet normal 0 -1 0
		outer loop
			vertex 2.0999999046325684 -0.75 3.0499999970197678
			vertex 2.0999999046325684 -0.75 3.2000000029802322
			vertex -2.0999999046325684 -0.75 3.2000000029802322
		endloop
	endfacet
	facet normal 0 0 -1
		outer loop
			vertex -0.6000000238418579 0.30000001192092896 -3.2000000029802322
			vertex -0.6000000238418579 -0.30000001192092896 -3.2000000029802322
			vertex -2.0999999046325684 -0.75 -3.2000000029802322
		endloop
	endfacet
	facet normal 0 0 -1
		outer loop
			vertex -2.0999999046325684 -0.75 -3.2000000029802322
			vertex -0.6000000238418579 -0.30000001192092896 -3.2000000029802322
			vertex 0.6000000238418579 -0.30000001192092896 -3.2000000029802322
		endloop
	endfacet
	facet normal 0 0 -1
		outer loop
			vertex -0.6000000238418579 0.30000001192092896 -3.2000000029802322
			vertex -2.0999999046325684 -0.75 -3.2000000029802322
			vertex -2.0999999046325684 0.75 -3.2000000029802322
		endloop
	endfacet
	facet normal 0 0 -1
		outer loop
			vertex 2.0999999046325684 -0.75 -3.2000000029802322
			vertex -2.0999999046325684 -0.75 -3.2000000029802322
			vertex 0.6000000238418579 -0.30000001192092896 -3.2000000029802322
		endloop
	endfacet
	facet normal 0 0 -1
		outer loop
			vertex -0.6000000238418579 0.30000001192092896 -3.2000000029802322
			vertex -2.0999999046325684 0.75 -3.2000000029802322
			vertex 2.0999999046325684 0.75 -3.2000000029802322
		endloop
	endfacet
	facet normal 0 0 -1
		outer loop
			vertex 2.0999999046325684 -0.75 -3.2000000029802322
			vertex 0.6000000238418579 -0.30000001192092896 -3.2000000029802322
			vertex 0.6000000238418579 0.30000001192092896 -3.2000000029802322
		endloop
	endfacet
	facet normal 0 0 -1
		outer loop
			vertex 0.6000000238418579 0.30000001192092896 -3.2000000029802322
			vertex -0.6000000238418579 0.30000001192092896 -3.2000000029802322
			vertex 2.0999999046325684 0.75 -3.2000000029802322
		endloop
	endfacet
	facet normal 0 0 -1
		outer loop
			vertex 2.0999999046325684 0.75 -3.2000000029802322
			vertex 2.0999999046325684 -0.75 -3.2000000029802322
			vertex 0.6000000238418579 0.30000001192092896 -3.2000000029802322
		endloop
	endfacet
	facet normal 0 0 1
		outer loop
			vertex -2.0999999046325684 -0.75 -3.0499999970197678
			vertex -0.6000000238418579 -0.30000001192092896 -3.0499999970197678
			vertex -0.6000000238418579 0.30000001192092896 -3.0499999970197678
		endloop
	endfacet
	facet normal 0 0 1
		outer loop
			vertex 0.6000000238418579 -0.30000001192092896 -3.0499999970197678
			vertex -0.6000000238418579 -0.30000001192092896 -3.0499999970197678
			vertex -2.0999999046325684 -0.75 -3.0499999970197678
		endloop
	endfacet
	facet normal 0 0 1
		outer loop
			vertex -2.0999999046325684 0.75 -3.0499999970197678
			vertex -2.0999999046325684 -0.75 -3.0499999970197678
			vertex -0.6000000238418579 0.30000001192092896 -3.0499999970197678
		endloop
	endfacet
	facet normal 0 0 1
		outer loop
			vertex 0.6000000238418579 -0.30000001192092896 -3.0499999970197678
			vertex -2.0999999046325684 -0.75 -3.0499999970197678
			vertex 2.0999999046325684 -0.75 -3.0499999970197678
		endloop
	endfacet
	facet normal 0 0 1
		outer loop
			vertex 2.0999999046325684 0.75 -3.0499999970197678
			vertex -2.0999999046325684 0.75 -3.0499999970197678
			vertex -0.6000000238418579 0.30000001192092896 -3.0499999970197678
		endloop
	endfacet
	facet normal 0 0 1
		outer loop
			vertex 0.6000000238418579 0.30000001192092896 -3.0499999970197678
			vertex 0.6000000238418579 -0.30000001192092896 -3.0499999970197678
			vertex 2.0999999046325684 -0.75 -3.0499999970197678
		endloop
	endfacet
	facet normal 0 0 1
		outer loop
			vertex 2.0999999046325684 0.75 -3.0499999970197678
			vertex -0.6000000238418579 0.30000001192092896 -3.0499999970197678
			vertex 0.6000000238418579 0.30000001192092896 -3.0499999970197678
		endloop
	endfacet
	facet normal 0 0 1
		outer loop
			vertex 0.6000000238418579 0.30000001192092896 -3.0499999970197678
			vertex 2.0999999046325684 -0.75 -3.0499999970197678
			vertex 2.0999999046325684 0.75 -3.0499999970197678
		endloop
	endfacet
	facet normal 1 0 0
		outer loop
			vertex 2.0999999046325684 -0.75 -3.2000000029802322
			vertex 2.0999999046325684 0.75 -3.2000000029802322
			vertex 2.0999999046325684 -0.75 -3.0499999970197678
		endloop
	endfacet
	facet normal 1 0 0
		outer loop
			vertex 2.0999999046325684 0.75 -3.2000000029802322
			vertex 2.0999999046325684 0.75 -3.0499999970197678
			vertex 2.0999999046325684 -0.75 -3.0499999970197678
		endloop
	endfacet
	facet normal 0 1 0
		outer loop
			vertex 2.0999999046325684 0.75 -3.2000000029802322
			vertex -2.0999999046325684 0.75 -3.2000000029802322
			vertex 2.0999999046325684 0.75 -3.0499999970197678
		endloop
	endfacet
	facet normal 0 1 0
		outer loop
			vertex -2.0999999046325684 0.75 -3.2000000029802322
			vertex -2.0999999046325684 0.75 -3.0499999970197678
			vertex 2.0999999046325684 0.75 -3.0499999970197678
		endloop
	endfacet
	facet normal -1 0 0
		outer loop
			vertex -2.0999999046325684 0.75 -3.2000000029802322
			vertex -2.0999999046325684 -0.75 -3.2000000029802322
			vertex -2.0999999046325684 0.75 -3.0499999970197678
		endloop
	endfacet
	facet normal -1 0 0
		outer loop
			vertex -2.0999999046325684 -0.75 -3.2000000029802322
			vertex -2.0999999046325684 -0.75 -3.0499999970197678
			vertex -2.0999999046325684 0.75 -3.0499999970197678
		endloop
	endfacet
	facet normal 0 -1 0
		outer loop
			vertex -2.0999999046325684 -0.75 -3.2000000029802322
			vertex 2.0999999046325684 -0.75 -3.2000000029802322
			vertex -2.0999999046325684 -0.75 -3.0499999970197678
		endloop
	endfacet
	facet normal 0 -1 0
		outer loop
			vertex 2.0999999046325684 -0.75 -3.2000000029802322
			vertex 2.0999999046325684 -0.75 -3.0499999970197678
			vertex -2.0999999046325684 -0.75 -3.0499999970197678
		endloop
	endfacet
	facet normal 0 -1 0
		outer loop
			vertex -0.6000000238418579 0.30000001192092896 -3.2000000029802322
			vertex 0.6000000238418579 0.30000001192092896 -3.2000000029802322
			vertex -0.6000000238418579 0.30000001192092896 -3.0499999970197678
		endloop
	endfacet
	facet normal 0 -1 0
		outer loop
			vertex 0.6000000238418579 0.30000001192092896 -3.2000000029802322
			vertex 0.6000000238418579 0.30000001192092896 -3.0499999970197678
			vertex -0.6000000238418579 0.30000001192092896 -3.0499999970197678
		endloop
	endfacet
	facet normal -1 0 0
		outer loop
			vertex 0.6000000238418579 0.30000001192092896 -3.2000000029802322
			vertex 0.6000000238418579 -0.30000001192092896 -3.2000000029802322
			vertex 0.6000000238418579 0.30000001192092896 -3.0499999970197678
		endloop
	endfacet
	facet normal -1 0 0
		outer loop
			vertex 0.6000000238418579 -0.30000001192092896 -3.2000000029802322
			vertex 0.6000000238418579 -0.30000001192092896 -3.0499999970197678
			vertex 0.6000000238418579 0.30000001192092896 -3.0499999970197678
		endloop
	endfacet
	facet normal 0 1 0
		outer loop
			vertex 0.6000000238418579 -0.30000001192092896 -3.2000000029802322
			vertex -0.6000000238418579 -0.30000001192092896 -3.2000000029802322
			vertex 0.6000000238418579 -0.30000001192092896 -3.0499999970197678
		endloop
	endfacet
	facet normal 0 1 0
		outer loop
			vertex -0.6000000238418579 -0.30000001192092896 -3.2000000029802322
			vertex -0.6000000238418579 -0.30000001192092896 -3.0499999970197678
			vertex 0.6000000238418579 -0.30000001192092896 -3.0499999970197678
		endloop
	endfacet
	facet normal 1 0 0
		outer loop
			vertex -0.6000000238418579 -0.30000001192092896 -3.2000000029802322
			vertex -0.6000000238418579 0.30000001192092896 -3.2000000029802322
			vertex -0.6000000238418579 -0.30000001192092896 -3.0499999970197678
		endloop
	endfacet
	facet normal 1 0 0
		outer loop
			vertex -0.6000000238418579 0.30000001192092896 -3.2000000029802322
			vertex -0.6000000238418579 0.30000001192092896 -3.0499999970197678
			vertex -0.6000000238418579 -0.30000001192092896 -3.0499999970197678
		endloop
	endfacet
	facet normal 1.1913598573431988e-16 1 -1.568451191082646e-17
		outer loop
			vertex 0.8840888738632202 0.9000000029802327 -1.7689417600631718
			vertex 0.8799999952316284 0.9000000029802327 -1.7999999523162846
			vertex -2.0999999046325684 0.9000000029802331 -3.2000000476837167
		endloop
	endfacet
	facet normal 1.0525728207064005e-16 1 1.385729716823377e-17
		outer loop
			vertex -2.0999999046325684 0.9000000029802331 -3.2000000476837167
			vertex 0.8799999952316284 0.9000000029802327 -1.7999999523162846
			vertex 0.8840888738632202 0.9000000029802327 -1.831058263778687
		endloop
	endfacet
	facet normal 2.643388273913765e-17 1 2.255140485165637e-16
		outer loop
			vertex -1.0499999523162842 0.900000002980232 1.6000000238418584
			vertex -2.0999999046325684 0.9000000029802331 -3.2000000476837167
			vertex -2.0999999046325684 0.9000000029802316 3.2000000476837167
		endloop
	endfacet
	facet normal 0 1 0
		outer loop
			vertex 0.550000011920929 0.900000002980232 1.6000000238418584
			vertex -0.550000011920929 0.900000002980232 1.6000000238418584
			vertex -0.5585185289382935 0.900000002980232 1.6647047996521
		endloop
	endfacet
	facet normal 0 1 0
		outer loop
			vertex -0.550000011920929 0.900000002980232 1.6000000238418584
			vertex 0.550000011920929 0.900000002980232 1.6000000238418584
			vertex 0.5585185289382935 0.900000002980232 1.5352952480316167
		endloop
	endfacet
	facet normal 6.600905168426191e-16 1 8.690166816672569e-17
		outer loop
			vertex -2.0999999046325684 0.9000000029802331 -3.2000000476837167
			vertex -1.0499999523162842 0.900000002980232 1.6000000238418584
			vertex -1.0414814949035645 0.900000002980232 1.5352952480316167
		endloop
	endfacet
	facet normal 5.145723287128086e-16 1 -6.774462275239396e-17
		outer loop
			vertex -0.43466663360595703 0.9000000029802324 -0.3835314214229585
			vertex -0.44999998807907104 0.9000000029802324 -0.5000000000000001
			vertex -2.0999999046325684 0.9000000029802331 -3.2000000476837167
		endloop
	endfacet
	facet normal 3.32159914405795e-16 1 4.372962282886093e-17
		outer loop
			vertex -2.0999999046325684 0.9000000029802331 -3.2000000476837167
			vertex -0.44999998807907104 0.9000000029802324 -0.5000000000000001
			vertex -0.43466663360595703 0.9000000029802324 -0.6164685487747193
		endloop
	endfacet
	facet normal 1.392814293090771e-16 1 -5.769243893189078e-17
		outer loop
			vertex 0.8960769772529602 0.9000000029802327 -1.7400000095367436
			vertex 0.8840888738632202 0.9000000029802327 -1.7689417600631718
			vertex -2.0999999046325684 0.9000000029802331 -3.2000000476837167
		endloop
	endfacet
	facet normal 9.379194602029448e-17 1 3.8850018591289606e-17
		outer loop
			vertex -2.0999999046325684 0.9000000029802331 -3.2000000476837167
			vertex 0.8840888738632202 0.9000000029802327 -1.831058263778687
			vertex 0.8960769772529602 0.9000000029802327 -1.8600000143051152
		endloop
	endfacet
	facet normal -2.6420424372600143e-16 1 3.4782789527624505e-17
		outer loop
			vertex -1.0414814949035645 0.900000002980232 1.6647047996521
			vertex -1.0499999523162842 0.900000002980232 1.6000000238418584
			vertex -2.0999999046325684 0.9000000029802316 3.2000000476837167
		endloop
	endfacet
	facet normal 0 1 0
		outer loop
			vertex 0.550000011920929 0.900000002980232 1.6000000238418584
			vertex -0.5585185289382935 0.900000002980232 1.6647047996521
			vertex -0.5834936499595642 0.900000002980232 1.7250000238418584
		endloop
	endfacet
	facet normal 0 1 0
		outer loop
			vertex -0.550000011920929 0.900000002980232 1.6000000238418584
			vertex 0.5585185289382935 0.900000002980232 1.5352952480316167
			vertex 0.5834936499595642 0.900000002980232 1.4750000238418581
		endloop
	endfacet
	facet normal 3.6762981088885973e-16 1 1.522777475961353e-16
		outer loop
			vertex -2.0999999046325684 0.9000000029802331 -3.2000000476837167
			vertex -1.0414814949035645 0.900000002980232 1.5352952480316167
			vertex -1.016506314277649 0.900000002980232 1.4750000238418581
		endloop
	endfacet
	facet normal 1.3357043580311515e-15 1 -5.532669806367496e-16
		outer loop
			vertex -0.3897114396095276 0.9000000029802324 -0.27500000596046453
			vertex -0.43466663360595703 0.9000000029802324 -0.3835314214229585
			vertex -2.0999999046325684 0.9000000029802331 -3.2000000476837167
		endloop
	endfacet
	facet normal -7.226154301522523e-16 1 7.236332646047983e-16
		outer loop
			vertex -2.0999999046325684 0.9000000029802331 -3.2000000476837167
			vertex -0.43466663360595703 0.9000000029802324 -0.6164685487747193
			vertex -0.3897114396095276 0.9000000029802325 -0.725000023841858
		endloop
	endfacet
	facet normal -3.2994311770810824e-15 1 6.99891514618158e-15
		outer loop
			vertex 0.9151471853256226 0.9000000029802326 -1.7151471376419072
			vertex 0.8960769772529602 0.9000000029802327 -1.7400000095367436
			vertex -2.0999999046325684 0.9000000029802331 -3.2000000476837167
		endloop
	endfacet
	facet normal 8.276401488625123e-17 1 6.350712956346328e-17
		outer loop
			vertex -2.0999999046325684 0.9000000029802331 -3.2000000476837167
			vertex 0.8960769772529602 0.9000000029802327 -1.8600000143051152
			vertex 0.9151471853256226 0.9000000029802327 -1.884852766990662
		endloop
	endfacet
	facet normal -1.9656220392312507e-16 1 8.141899484042318e-17
		outer loop
			vertex -1.016506314277649 0.900000002980232 1.7250000238418584
			vertex -1.0414814949035645 0.900000002980232 1.6647047996521
			vertex -2.0999999046325684 0.9000000029802316 3.2000000476837167
		endloop
	endfacet
	facet normal 0 1 0
		outer loop
			vertex 0.550000011920929 0.900000002980232 1.6000000238418584
			vertex -0.5834936499595642 0.900000002980232 1.7250000238418584
			vertex -0.6232233047485352 0.900000002980232 1.7767766714096074
		endloop
	endfacet
	facet normal 0 1 0
		outer loop
			vertex -0.550000011920929 0.900000002980232 1.6000000238418584
			vertex 0.5834936499595642 0.900000002980232 1.4750000238418581
			vertex 0.6232233047485352 0.900000002980232 1.4232232570648196
		endloop
	endfacet
	facet normal 2.376976155751889e-16 1 1.8239126602377578e-16
		outer loop
			vertex -2.0999999046325684 0.9000000029802331 -3.2000000476837167
			vertex -1.016506314277649 0.900000002980232 1.4750000238418581
			vertex -0.9767767190933228 0.900000002980232 1.4232232570648196
		endloop
	endfacet
	facet normal 1.5379504457786212e-16 1 1.180111591029297e-16
		outer loop
			vertex -2.0999999046325684 0.9000000029802331 -3.2000000476837167
			vertex -0.3897114396095276 0.9000000029802325 -0.725000023841858
			vertex -0.3181980550289154 0.9000000029802325 -0.8181980252265932
		endloop
	endfacet
	facet normal 4.1117830721072665e-16 1 -5.358603947968762e-16
		outer loop
			vertex 0.9399999976158142 0.9000000029802326 -1.6960769891738896
			vertex 0.9151471853256226 0.9000000029802326 -1.7151471376419072
			vertex -2.0999999046325684 0.9000000029802331 -3.2000000476837167
		endloop
	endfacet
	facet normal 7.042957515520945e-17 1 9.178544531355693e-17
		outer loop
			vertex -2.0999999046325684 0.9000000029802331 -3.2000000476837167
			vertex 0.9151471853256226 0.9000000029802327 -1.884852766990662
			vertex 0.9399999976158142 0.9000000029802327 -1.9039230346679692
		endloop
	endfacet
	facet normal -1.5034842766028303e-16 1 1.1536633691331668e-16
		outer loop
			vertex -0.9767767190933228 0.900000002980232 1.7767766714096074
			vertex -1.016506314277649 0.900000002980232 1.7250000238418584
			vertex -2.0999999046325684 0.9000000029802316 3.2000000476837167
		endloop
	endfacet
	facet normal 0 1 0
		outer loop
			vertex 0.550000011920929 0.900000002980232 1.6000000238418584
			vertex -0.6232233047485352 0.900000002980232 1.7767766714096074
			vertex -0.675000011920929 0.900000002980232 1.816506385803223
		endloop
	endfacet
	facet normal 0 1 0
		outer loop
			vertex -0.550000011920929 0.900000002980232 1.6000000238418584
			vertex 0.6232233047485352 0.900000002980232 1.4232232570648196
			vertex 0.675000011920929 0.900000002980232 1.3834936618804934
		endloop
	endfacet
	facet normal 1.5531210041533612e-16 1 2.024070244417384e-16
		outer loop
			vertex -2.0999999046325684 0.9000000029802331 -3.2000000476837167
			vertex -0.9767767190933228 0.900000002980232 1.4232232570648196
			vertex -0.925000011920929 0.900000002980232 1.3834936618804934
		endloop
	endfacet
	facet normal 1.1361672891875005e-16 1 1.480681480887361e-16
		outer loop
			vertex -2.0999999046325684 0.9000000029802331 -3.2000000476837167
			vertex -0.3181980550289154 0.9000000029802325 -0.8181980252265932
			vertex -0.22499999403953552 0.9000000029802325 -0.8897114396095278
		endloop
	endfacet
	facet normal 5.3990369828424834e-17 1 1.3034425168431626e-16
		outer loop
			vertex -2.0999999046325684 0.9000000029802331 -3.2000000476837167
			vertex 0.9399999976158142 0.9000000029802327 -1.9039230346679692
			vertex 0.9689416885375977 0.9000000029802327 -1.9159110784530644
		endloop
	endfacet
	facet normal -1.1184241742160992e-16 1 1.4575569406111502e-16
		outer loop
			vertex -0.925000011920929 0.900000002980232 1.816506385803223
			vertex -0.9767767190933228 0.900000002980232 1.7767766714096074
			vertex -2.0999999046325684 0.9000000029802316 3.2000000476837167
		endloop
	endfacet
	facet normal 0 1 0
		outer loop
			vertex 0.550000011920929 0.900000002980232 1.6000000238418584
			vertex -0.675000011920929 0.900000002980232 1.816506385803223
			vertex -0.7352952361106873 0.900000002980232 1.841481447219849
		endloop
	endfacet
	facet normal 0 1 0
		outer loop
			vertex -0.550000011920929 0.900000002980232 1.6000000238418584
			vertex 0.675000011920929 0.900000002980232 1.3834936618804934
			vertex 0.7352952361106873 0.900000002980232 1.3585186004638674
		endloop
	endfacet
	facet normal 9.07004236672715e-17 1 2.1897052775548317e-16
		outer loop
			vertex -2.0999999046325684 0.9000000029802331 -3.2000000476837167
			vertex -0.925000011920929 0.900000002980232 1.3834936618804934
			vertex -0.8647047877311707 0.900000002980232 1.3585186004638674
		endloop
	endfacet
	facet normal 7.448632531179512e-17 1 1.7982587004957336e-16
		outer loop
			vertex -2.0999999046325684 0.9000000029802331 -3.2000000476837167
			vertex -0.22499999403953552 0.9000000029802325 -0.8897114396095278
			vertex -0.11646857112646103 0.9000000029802325 -0.9346666336059573
		endloop
	endfacet
	facet normal 2.5974935694117726e-17 1 1.9730046198258471e-16
		outer loop
			vertex -2.0999999046325684 0.9000000029802331 -3.2000000476837167
			vertex 0.9689416885375977 0.9000000029802327 -1.9159110784530644
			vertex 1 0.9000000029802327 -1.9199999570846562
		endloop
	endfacet
	facet normal 0 1 2.40743356160252e-16
		outer loop
			vertex -0.925000011920929 0.900000002980232 1.816506385803223
			vertex -2.0999999046325684 0.9000000029802316 3.2000000476837167
			vertex 2.0999999046325684 0.9000000029802316 3.2000000476837167
		endloop
	endfacet
	facet normal 0 1 0
		outer loop
			vertex 0.5585185289382935 0.900000002980232 1.6647047996521
			vertex 0.550000011920929 0.900000002980232 1.6000000238418584
			vertex -0.7352952361106873 0.900000002980232 1.841481447219849
		endloop
	endfacet
	facet normal 0 1 0
		outer loop
			vertex -0.5585185289382935 0.900000002980232 1.5352952480316167
			vertex -0.550000011920929 0.900000002980232 1.6000000238418584
			vertex 0.7352952361106873 0.900000002980232 1.3585186004638674
		endloop
	endfacet
	facet normal 3.095944925221416e-17 1 2.351595004613073e-16
		outer loop
			vertex -2.0999999046325684 0.9000000029802331 -3.2000000476837167
			vertex -0.8647047877311707 0.900000002980232 1.3585186004638674
			vertex -0.800000011920929 0.900000002980232 1.3500000238418581
		endloop
	endfacet
	facet normal 2.892641018546409e-17 1 2.1971824026022815e-16
		outer loop
			vertex -2.0999999046325684 0.9000000029802331 -3.2000000476837167
			vertex -0.11646857112646103 0.9000000029802325 -0.9346666336059573
			vertex -8.266365924077638e-17 0.9000000029802325 -0.9499999880790713
		endloop
	endfacet
	facet normal -5.029226411975041e-17 1 3.8201006777560617e-16
		outer loop
			vertex -2.0999999046325684 0.9000000029802331 -3.2000000476837167
			vertex 1 0.9000000029802327 -1.9199999570846562
			vertex 1.0310583114624023 0.9000000029802327 -1.9159110784530644
		endloop
	endfacet
	facet normal -1.0571728483900837e-15 1 2.5522449309602856e-15
		outer loop
			vertex -0.8647047877311707 0.900000002980232 1.841481447219849
			vertex -0.925000011920929 0.900000002980232 1.816506385803223
			vertex 2.0999999046325684 0.9000000029802316 3.2000000476837167
		endloop
	endfacet
	facet normal 0 1 0
		outer loop
			vertex 0.5834936499595642 0.900000002980232 1.7250000238418584
			vertex 0.5585185289382935 0.900000002980232 1.6647047996521
			vertex -0.7352952361106873 0.900000002980232 1.841481447219849
		endloop
	endfacet
	facet normal 0 1 0
		outer loop
			vertex -0.5834936499595642 0.900000002980232 1.4750000238418581
			vertex -0.5585185289382935 0.900000002980232 1.5352952480316167
			vertex 0.7352952361106873 0.900000002980232 1.3585186004638674
		endloop
	endfacet
	facet normal -3.337957006868375e-17 1 2.535420756040579e-16
		outer loop
			vertex -2.0999999046325684 0.9000000029802331 -3.2000000476837167
			vertex -0.800000011920929 0.900000002980232 1.3500000238418581
			vertex -0.7352952361106873 0.900000002980232 1.3585186004638674
		endloop
	endfacet
	facet normal -3.703095168240773e-17 1 2.8127844024381604e-16
		outer loop
			vertex -2.0999999046325684 0.9000000029802331 -3.2000000476837167
			vertex -8.266365924077638e-17 0.9000000029802325 -0.9499999880790713
			vertex 0.11646857112646103 0.9000000029802325 -0.9346666336059573
		endloop
	endfacet
	facet normal 0 1 2.5937993033854996e-16
		outer loop
			vertex 2.0999999046325684 0.9000000029802331 -3.2000000476837167
			vertex -2.0999999046325684 0.9000000029802331 -3.2000000476837167
			vertex 1.0310583114624023 0.9000000029802327 -1.9159110784530644
		endloop
	endfacet
	facet normal 2.3622399005345652e-15 1 -4.909963549956958e-15
		outer loop
			vertex -0.800000011920929 0.9000000029802319 1.8500000238418584
			vertex -0.8647047877311707 0.900000002980232 1.841481447219849
			vertex 2.0999999046325684 0.9000000029802316 3.2000000476837167
		endloop
	endfacet
	facet normal 3.4976973892443893e-15 1 3.960051577326461e-14
		outer loop
			vertex 0.5834936499595642 0.900000002980232 1.7250000238418584
			vertex -0.7352952361106873 0.900000002980232 1.841481447219849
			vertex -0.800000011920929 0.9000000029802319 1.8500000238418584
		endloop
	endfacet
	facet normal 0 1 0
		outer loop
			vertex -0.5834936499595642 0.900000002980232 1.4750000238418581
			vertex 0.7352952361106873 0.900000002980232 1.3585186004638674
			vertex 0.800000011920929 0.900000002980232 1.3500000238418581
		endloop
	endfacet
	facet normal -1.1516179665008126e-16 1 2.7802559646518263e-16
		outer loop
			vertex -2.0999999046325684 0.9000000029802331 -3.2000000476837167
			vertex -0.7352952361106873 0.900000002980232 1.3585186004638674
			vertex -0.675000011920929 0.900000002980232 1.3834936618804934
		endloop
	endfacet
	facet normal -1.7067071511994802e-16 1 4.120354938971263e-16
		outer loop
			vertex -2.0999999046325684 0.9000000029802331 -3.2000000476837167
			vertex 0.11646857112646103 0.9000000029802325 -0.9346666336059573
			vertex 0.22499999403953552 0.9000000029802325 -0.8897114396095278
		endloop
	endfacet
	facet normal -7.989132885162894e-17 1 1.9287428595605214e-16
		outer loop
			vertex 2.0999999046325684 0.9000000029802331 -3.2000000476837167
			vertex 1.0310583114624023 0.9000000029802327 -1.9159110784530644
			vertex 1.059999942779541 0.9000000029802327 -1.9039230346679692
		endloop
	endfacet
	facet normal -7.504500500246804e-17 1 5.758410948648975e-17
		outer loop
			vertex 0.6232233047485352 0.900000002980232 1.7767766714096074
			vertex 0.5834936499595642 0.900000002980232 1.7250000238418584
			vertex -0.800000011920929 0.9000000029802319 1.8500000238418584
		endloop
	endfacet
	facet normal 0 1 0
		outer loop
			vertex -0.6232233047485352 0.900000002980232 1.4232232570648196
			vertex -0.5834936499595642 0.900000002980232 1.4750000238418581
			vertex 0.800000011920929 0.900000002980232 1.3500000238418581
		endloop
	endfacet
	facet normal -2.440943362872502e-16 1 3.181104895166609e-16
		outer loop
			vertex -2.0999999046325684 0.9000000029802331 -3.2000000476837167
			vertex -0.675000011920929 0.900000002980232 1.3834936618804934
			vertex -0.6232233047485352 0.900000002980232 1.4232232570648196
		endloop
	endfacet
	facet normal -8.094061117169983e-16 1 1.0548381840789147e-15
		outer loop
			vertex -2.0999999046325684 0.9000000029802331 -3.2000000476837167
			vertex 0.22499999403953552 0.9000000029802325 -0.8897114396095278
			vertex 0.3181980550289154 0.9000000029802325 -0.8181980252265932
		endloop
	endfacet
	facet normal -1.220435939231565e-16 1 1.5905040541024792e-16
		outer loop
			vertex 2.0999999046325684 0.9000000029802331 -3.2000000476837167
			vertex 1.059999942779541 0.9000000029802327 -1.9039230346679692
			vertex 1.0848528146743774 0.9000000029802327 -1.884852766990662
		endloop
	endfacet
	facet normal -6.26242250522742e-17 1 2.9900358905337236e-16
		outer loop
			vertex 0.6232233047485352 0.900000002980232 1.7767766714096074
			vertex -0.800000011920929 0.9000000029802319 1.8500000238418584
			vertex 2.0999999046325684 0.9000000029802316 3.2000000476837167
		endloop
	endfacet
	facet normal -4.6750728433420677e-17 1 2.550738583602349e-16
		outer loop
			vertex -0.3897114396095276 0.9000000029802324 -0.27500000596046453
			vertex -2.0999999046325684 0.9000000029802331 -3.2000000476837167
			vertex -0.6232233047485352 0.900000002980232 1.4232232570648196
		endloop
	endfacet
	facet normal 6.184631392564805e-17 1 1.702722889397048e-16
		outer loop
			vertex 0.9399999976158142 0.9000000029802326 -1.6960769891738896
			vertex -2.0999999046325684 0.9000000029802331 -3.2000000476837167
			vertex 0.3181980550289154 0.9000000029802325 -0.8181980252265932
		endloop
	endfacet
	facet normal -1.645344168592447e-16 1 1.262522269197235e-16
		outer loop
			vertex 2.0999999046325684 0.9000000029802331 -3.2000000476837167
			vertex 1.0848528146743774 0.9000000029802327 -1.884852766990662
			vertex 1.1039230823516846 0.9000000029802327 -1.8600000143051152
		endloop
	endfacet
	facet normal -8.811249597694607e-16 1 1.148302969718849e-15
		outer loop
			vertex 0.675000011920929 0.900000002980232 1.816506385803223
			vertex 0.6232233047485352 0.900000002980232 1.7767766714096074
			vertex 2.0999999046325684 0.9000000029802316 3.2000000476837167
		endloop
	endfacet
	facet normal 1.3549852937803492e-17 1 2.633654072581559e-16
		outer loop
			vertex -0.3897114396095276 0.9000000029802324 -0.27500000596046453
			vertex -0.6232233047485352 0.900000002980232 1.4232232570648196
			vertex 0.800000011920929 0.900000002980232 1.3500000238418581
		endloop
	endfacet
	facet normal -8.570354200998413e-17 1 6.57626801928877e-17
		outer loop
			vertex 0.9399999976158142 0.9000000029802326 -1.6960769891738896
			vertex 0.3181980550289154 0.9000000029802325 -0.8181980252265932
			vertex 0.3897114396095276 0.9000000029802325 -0.725000023841858
		endloop
	endfacet
	facet normal -2.1472644145993067e-16 1 8.89424424997632e-17
		outer loop
			vertex 2.0999999046325684 0.9000000029802331 -3.2000000476837167
			vertex 1.1039230823516846 0.9000000029802327 -1.8600000143051152
			vertex 1.1159111261367798 0.9000000029802327 -1.831058263778687
		endloop
	endfacet
	facet normal -1.739203395351484e-16 1 4.1988148451357625e-16
		outer loop
			vertex 0.7352952361106873 0.900000002980232 1.841481447219849
			vertex 0.675000011920929 0.900000002980232 1.816506385803223
			vertex 2.0999999046325684 0.9000000029802316 3.2000000476837167
		endloop
	endfacet
	facet normal -7.764492756160045e-15 1 5.957904602842801e-15
		outer loop
			vertex -0.3181980550289154 0.9000000029802324 -0.1818019449710846
			vertex -0.3897114396095276 0.9000000029802324 -0.27500000596046453
			vertex 0.800000011920929 0.900000002980232 1.3500000238418581
		endloop
	endfacet
	facet normal 9.263213346568224e-16 1 6.392555442286949e-16
		outer loop
			vertex 0.9399999976158142 0.9000000029802326 -1.6960769891738896
			vertex 0.3897114396095276 0.9000000029802325 -0.725000023841858
			vertex 0.43466663360595703 0.9000000029802324 -0.6164685487747193
		endloop
	endfacet
	facet normal -2.8606321585250213e-16 1 3.766070064690033e-17
		outer loop
			vertex 2.0999999046325684 0.9000000029802331 -3.2000000476837167
			vertex 1.1159111261367798 0.9000000029802327 -1.831058263778687
			vertex 1.1200000047683716 0.9000000029802327 -1.7999999523162846
		endloop
	endfacet
	facet normal 1.940139551591617e-15 1 -1.7038048617539294e-15
		outer loop
			vertex 0.800000011920929 0.9000000029802319 1.8500000238418584
			vertex 0.7352952361106873 0.900000002980232 1.841481447219849
			vertex 2.0999999046325684 0.9000000029802316 3.2000000476837167
		endloop
	endfacet
	facet normal -4.2226044305591384e-17 1 3.207374719254651e-16
		outer loop
			vertex -0.3181980550289154 0.9000000029802324 -0.1818019449710846
			vertex 0.800000011920929 0.900000002980232 1.3500000238418581
			vertex 0.8647047877311707 0.900000002980232 1.3585186004638674
		endloop
	endfacet
	facet normal -3.429438700977493e-16 1 4.5149355597807234e-17
		outer loop
			vertex 0.9399999976158142 0.9000000029802326 -1.6960769891738896
			vertex 0.43466663360595703 0.9000000029802324 -0.6164685487747193
			vertex 0.44999998807907104 0.9000000029802324 -0.5000000000000001
		endloop
	endfacet
	facet normal -4.185904441250059e-16 1 -5.510834334537664e-17
		outer loop
			vertex 2.0999999046325684 0.9000000029802331 -3.2000000476837167
			vertex 1.1200000047683716 0.9000000029802327 -1.7999999523162846
			vertex 1.1159111261367798 0.9000000029802327 -1.7689417600631718
		endloop
	endfacet
	facet normal -1.5035581254029283e-15 1 1.612348124587538e-15
		outer loop
			vertex 0.8647047877311707 0.900000002980232 1.841481447219849
			vertex 0.800000011920929 0.9000000029802319 1.8500000238418584
			vertex 2.0999999046325684 0.9000000029802316 3.2000000476837167
		endloop
	endfacet
	facet normal -1.7513022922784533e-16 1 4.2280242108502655e-16
		outer loop
			vertex -0.3181980550289154 0.9000000029802324 -0.1818019449710846
			vertex 0.8647047877311707 0.900000002980232 1.3585186004638674
			vertex 0.925000011920929 0.900000002980232 1.3834936618804934
		endloop
	endfacet
	facet normal 0 0 0
		outer loop
			vertex 0.9399999976158142 0.9000000029802326 -1.6960769891738896
			vertex 0.44999998807907104 0.9000000029802324 -0.5000000000000001
			vertex 0.44999998807907104 0.9000000029802324 -0.5000000000000001
		endloop
	endfacet
	facet normal -8.511236611501799e-16 1 -3.525463225550827e-16
		outer loop
			vertex 2.0999999046325684 0.9000000029802331 -3.2000000476837167
			vertex 1.1159111261367798 0.9000000029802327 -1.7689417600631718
			vertex 1.1039230823516846 0.9000000029802327 -1.7400000095367436
		endloop
	endfacet
	facet normal 7.376808681434534e-17 1 1.7809218797594422e-16
		outer loop
			vertex 0.925000011920929 0.900000002980232 1.816506385803223
			vertex 0.8647047877311707 0.900000002980232 1.841481447219849
			vertex 2.0999999046325684 0.9000000029802316 3.2000000476837167
		endloop
	endfacet
	facet normal -5.573839272924838e-16 1 7.263981485874089e-16
		outer loop
			vertex -0.3181980550289154 0.9000000029802324 -0.1818019449710846
			vertex 0.925000011920929 0.900000002980232 1.3834936618804934
			vertex 0.9767767190933228 0.900000002980232 1.4232232570648196
		endloop
	endfacet
	facet normal -6.677355631736527e-16 1 -8.790891251131211e-17
		outer loop
			vertex 0.9399999976158142 0.9000000029802326 -1.6960769891738896
			vertex 0.44999998807907104 0.9000000029802324 -0.5000000000000001
			vertex 0.43466663360595703 0.9000000029802324 -0.3835314214229585
		endloop
	endfacet
	facet normal -3.8314192894747265e-18 1 2.255140485165637e-16
		outer loop
			vertex 2.0999999046325684 0.9000000029802316 3.2000000476837167
			vertex 2.0999999046325684 0.9000000029802331 -3.2000000476837167
			vertex 1.1039230823516846 0.9000000029802327 -1.7400000095367436
		endloop
	endfacet
	facet normal 1.1184241742160992e-16 1 1.4575569406111502e-16
		outer loop
			vertex 0.9767767190933228 0.900000002980232 1.7767766714096074
			vertex 0.925000011920929 0.900000002980232 1.816506385803223
			vertex 2.0999999046325684 0.9000000029802316 3.2000000476837167
		endloop
	endfacet
	facet normal 2.570067147979233e-15 1 -1.7969081799619077e-15
		outer loop
			vertex -0.22499999403953552 0.9000000029802323 -0.11028856784105302
			vertex -0.3181980550289154 0.9000000029802324 -0.1818019449710846
			vertex 0.9767767190933228 0.900000002980232 1.4232232570648196
		endloop
	endfacet
	facet normal -6.043513544283717e-17 1 1.4590328848960085e-16
		outer loop
			vertex 0.9689416885375977 0.9000000029802326 -1.6840889453887944
			vertex 0.9399999976158142 0.9000000029802326 -1.6960769891738896
			vertex 0.43466663360595703 0.9000000029802324 -0.3835314214229585
		endloop
	endfacet
	facet normal -4.378337545157423e-15 1 1.1075675121666244e-15
		outer loop
			vertex 2.0999999046325684 0.9000000029802316 3.2000000476837167
			vertex 1.1039230823516846 0.9000000029802327 -1.7400000095367436
			vertex 1.0848528146743774 0.9000000029802326 -1.7151471376419072
		endloop
	endfacet
	facet normal 1.5034842766028303e-16 1 1.1536633691331668e-16
		outer loop
			vertex 1.016506314277649 0.900000002980232 1.7250000238418584
			vertex 0.9767767190933228 0.900000002980232 1.7767766714096074
			vertex 2.0999999046325684 0.9000000029802316 3.2000000476837167
		endloop
	endfacet
	facet normal -1.3320287190664829e-16 1 3.2158018540068667e-16
		outer loop
			vertex -0.11646857112646103 0.9000000029802323 -0.06533338129520416
			vertex -0.22499999403953552 0.9000000029802323 -0.11028856784105302
			vertex 0.9767767190933228 0.900000002980232 1.4232232570648196
		endloop
	endfacet
	facet normal -2.1324270995161734e-17 1 1.6197021276334384e-16
		outer loop
			vertex 1 0.9000000029802326 -1.679999947547913
			vertex 0.9689416885375977 0.9000000029802326 -1.6840889453887944
			vertex 0.43466663360595703 0.9000000029802324 -0.3835314214229585
		endloop
	endfacet
	facet normal 1.3464982180335695e-16 1 1.7548026841813353e-16
		outer loop
			vertex 2.0999999046325684 0.9000000029802316 3.2000000476837167
			vertex 1.0848528146743774 0.9000000029802326 -1.7151471376419072
			vertex 1.059999942779541 0.9000000029802326 -1.6960769891738896
		endloop
	endfacet
	facet normal 1.9656220392312507e-16 1 8.141899484042318e-17
		outer loop
			vertex 1.0414814949035645 0.900000002980232 1.6647047996521
			vertex 1.016506314277649 0.900000002980232 1.7250000238418584
			vertex 2.0999999046325684 0.9000000029802316 3.2000000476837167
		endloop
	endfacet
	facet normal -6.8026876143145325e-15 1 5.219870646731877e-15
		outer loop
			vertex -0.11646857112646103 0.9000000029802323 -0.06533338129520416
			vertex 0.9767767190933228 0.900000002980232 1.4232232570648196
			vertex 1.016506314277649 0.900000002980232 1.4750000238418581
		endloop
	endfacet
	facet normal -7.841000248580886e-15 1 -3.247849351258293e-15
		outer loop
			vertex 1 0.9000000029802326 -1.679999947547913
			vertex 0.43466663360595703 0.9000000029802324 -0.3835314214229585
			vertex 0.3897114396095276 0.9000000029802324 -0.27500000596046453
		endloop
	endfacet
	facet normal 7.769744908577291e-17 1 1.875778038547373e-16
		outer loop
			vertex 2.0999999046325684 0.9000000029802316 3.2000000476837167
			vertex 1.059999942779541 0.9000000029802326 -1.6960769891738896
			vertex 1.0310583114624023 0.9000000029802326 -1.6840889453887944
		endloop
	endfacet
	facet normal 2.6420424372600143e-16 1 3.4782789527624505e-17
		outer loop
			vertex 1.0499999523162842 0.900000002980232 1.6000000238418584
			vertex 1.0414814949035645 0.900000002980232 1.6647047996521
			vertex 2.0999999046325684 0.9000000029802316 3.2000000476837167
		endloop
	endfacet
	facet normal -3.15194819645654e-17 1 2.394141993054632e-16
		outer loop
			vertex 2.7554552528805052e-17 0.9000000029802323 -0.05000000074505806
			vertex -0.11646857112646103 0.9000000029802323 -0.06533338129520416
			vertex 1.016506314277649 0.900000002980232 1.4750000238418581
		endloop
	endfacet
	facet normal 2.206873485402019e-17 1 1.676248477865661e-16
		outer loop
			vertex 1.0310583114624023 0.9000000029802326 -1.6840889453887944
			vertex 1 0.9000000029802326 -1.679999947547913
			vertex 0.3897114396095276 0.9000000029802324 -0.27500000596046453
		endloop
	endfacet
	facet normal 8.194074475345067e-18 1 2.0278945296517576e-16
		outer loop
			vertex 1.0499999523162842 0.900000002980232 1.6000000238418584
			vertex 2.0999999046325684 0.9000000029802316 3.2000000476837167
			vertex 1.0310583114624023 0.9000000029802326 -1.6840889453887944
		endloop
	endfacet
	facet normal 2.643381900510978e-17 1 2.0078475968636215e-16
		outer loop
			vertex 0.11646857112646103 0.9000000029802323 -0.06533338129520416
			vertex 2.7554552528805052e-17 0.9000000029802323 -0.05000000074505806
			vertex 1.016506314277649 0.900000002980232 1.4750000238418581
		endloop
	endfacet
	facet normal -1.6113057962230968e-15 1 2.121302428162084e-16
		outer loop
			vertex 1.0414814949035645 0.900000002980232 1.5352952480316167
			vertex 1.0499999523162842 0.900000002980232 1.6000000238418584
			vertex 1.0310583114624023 0.9000000029802326 -1.6840889453887944
		endloop
	endfacet
	facet normal 7.211220221178796e-17 1 1.7409425956799623e-16
		outer loop
			vertex 0.22499999403953552 0.9000000029802323 -0.11028856784105302
			vertex 0.11646857112646103 0.9000000029802323 -0.06533338129520416
			vertex 1.016506314277649 0.900000002980232 1.4750000238418581
		endloop
	endfacet
	facet normal 1.0762323719455013e-16 1 2.0656498202059765e-16
		outer loop
			vertex 1.0414814949035645 0.900000002980232 1.5352952480316167
			vertex 1.0310583114624023 0.9000000029802326 -1.6840889453887944
			vertex 0.3897114396095276 0.9000000029802324 -0.27500000596046453
		endloop
	endfacet
	facet normal -7.447238113664331e-16 1 5.819259128942357e-16
		outer loop
			vertex 0.3181980550289154 0.9000000029802324 -0.1818019449710846
			vertex 0.22499999403953552 0.9000000029802323 -0.11028856784105302
			vertex 1.016506314277649 0.900000002980232 1.4750000238418581
		endloop
	endfacet
	facet normal -4.527769890013126e-15 1 1.8754697798249014e-15
		outer loop
			vertex 1.016506314277649 0.900000002980232 1.4750000238418581
			vertex 1.0414814949035645 0.900000002980232 1.5352952480316167
			vertex 0.3897114396095276 0.9000000029802324 -0.27500000596046453
		endloop
	endfacet
	facet normal 2.2546982147709213e-16 1 1.7300907211417875e-16
		outer loop
			vertex 0.3897114396095276 0.9000000029802324 -0.27500000596046453
			vertex 0.3181980550289154 0.9000000029802324 -0.1818019449710846
			vertex 1.016506314277649 0.900000002980232 1.4750000238418581
		endloop
	endfacet
	facet normal -1.1913598573431988e-16 -1 1.568451191082646e-17
		outer loop
			vertex -2.0999999046325684 0.7499999970197685 -3.2000000476837167
			vertex 0.8799999952316284 0.7499999970197682 -1.7999999523162846
			vertex 0.8840888738632202 0.7499999970197682 -1.7689417600631718
		endloop
	endfacet
	facet normal -1.0525728207064005e-16 -1 -1.385729716823377e-17
		outer loop
			vertex 0.8840888738632202 0.7499999970197682 -1.831058263778687
			vertex 0.8799999952316284 0.7499999970197682 -1.7999999523162846
			vertex -2.0999999046325684 0.7499999970197685 -3.2000000476837167
		endloop
	endfacet
	facet normal 7.930164821741343e-17 -1 -2.255140485165637e-16
		outer loop
			vertex -2.0999999046325684 0.749999997019767 3.2000000476837167
			vertex -2.0999999046325684 0.7499999970197685 -3.2000000476837167
			vertex -1.0499999523162842 0.7499999970197675 1.6000000238418584
		endloop
	endfacet
	facet normal 0 -1 0
		outer loop
			vertex -0.5585185289382935 0.7499999970197675 1.6647047996521
			vertex -0.550000011920929 0.7499999970197675 1.6000000238418584
			vertex 0.550000011920929 0.7499999970197675 1.6000000238418584
		endloop
	endfacet
	facet normal 0 -1 0
		outer loop
			vertex 0.5585185289382935 0.7499999970197675 1.5352952480316167
			vertex 0.550000011920929 0.7499999970197675 1.6000000238418584
			vertex -0.550000011920929 0.7499999970197675 1.6000000238418584
		endloop
	endfacet
	facet normal -5.940814651583571e-16 -1 -7.821150135005312e-17
		outer loop
			vertex -1.0414814949035645 0.7499999970197675 1.5352952480316167
			vertex -1.0499999523162842 0.7499999970197675 1.6000000238418584
			vertex -2.0999999046325684 0.7499999970197685 -3.2000000476837167
		endloop
	endfacet
	facet normal -4.2881027392734053e-16 -1 5.645385229366164e-17
		outer loop
			vertex -2.0999999046325684 0.7499999970197685 -3.2000000476837167
			vertex -0.44999998807907104 0.7499999970197679 -0.5000000000000001
			vertex -0.43466663360595703 0.7499999970197679 -0.3835314214229585
		endloop
	endfacet
	facet normal -2.7679992867149586e-16 -1 -3.644135235738411e-17
		outer loop
			vertex -0.43466663360595703 0.7499999970197679 -0.6164685487747193
			vertex -0.44999998807907104 0.7499999970197679 -0.5000000000000001
			vertex -2.0999999046325684 0.7499999970197685 -3.2000000476837167
		endloop
	endfacet
	facet normal -1.392814293090771e-16 -1 5.769243893189078e-17
		outer loop
			vertex -2.0999999046325684 0.7499999970197685 -3.2000000476837167
			vertex 0.8840888738632202 0.7499999970197682 -1.7689417600631718
			vertex 0.8960769772529602 0.7499999970197682 -1.7400000095367436
		endloop
	endfacet
	facet normal 1.3849911449069036e-15 -1 -3.2623764529128447e-15
		outer loop
			vertex 0.8960769772529602 0.7499999970197683 -1.8600000143051152
			vertex 0.8840888738632202 0.7499999970197682 -1.831058263778687
			vertex -2.0999999046325684 0.7499999970197685 -3.2000000476837167
		endloop
	endfacet
	facet normal 3.522723249680019e-16 -1 -4.637705270349934e-17
		outer loop
			vertex -2.0999999046325684 0.749999997019767 3.2000000476837167
			vertex -1.0499999523162842 0.7499999970197675 1.6000000238418584
			vertex -1.0414814949035645 0.7499999970197675 1.6647047996521
		endloop
	endfacet
	facet normal -1.1014125697876198e-16 -1 -1.886933753275944e-15
		outer loop
			vertex -0.5834936499595642 0.7499999970197674 1.7250000238418584
			vertex -0.5585185289382935 0.7499999970197675 1.6647047996521
			vertex 0.550000011920929 0.7499999970197675 1.6000000238418584
		endloop
	endfacet
	facet normal 0 -1 0
		outer loop
			vertex 0.5834936499595642 0.7499999970197675 1.4750000238418581
			vertex 0.5585185289382935 0.7499999970197675 1.5352952480316167
			vertex -0.550000011920929 0.7499999970197675 1.6000000238418584
		endloop
	endfacet
	facet normal -3.3086682979997374e-16 -1 -1.3704997283652176e-16
		outer loop
			vertex -1.016506314277649 0.7499999970197675 1.4750000238418581
			vertex -1.0414814949035645 0.7499999970197675 1.5352952480316167
			vertex -2.0999999046325684 0.7499999970197685 -3.2000000476837167
		endloop
	endfacet
	facet normal 4.663995185678689e-15 -1 -2.9548413191380376e-15
		outer loop
			vertex -2.0999999046325684 0.7499999970197685 -3.2000000476837167
			vertex -0.43466663360595703 0.7499999970197679 -0.3835314214229585
			vertex -0.3897114396095276 0.7499999970197678 -0.27500000596046453
		endloop
	endfacet
	facet normal -2.0293118976939203e-16 -1 -8.405682313232906e-17
		outer loop
			vertex -0.3897114396095276 0.7499999970197679 -0.725000023841858
			vertex -0.43466663360595703 0.7499999970197679 -0.6164685487747193
			vertex -2.0999999046325684 0.7499999970197685 -3.2000000476837167
		endloop
	endfacet
	facet normal -1.7756147399739053e-16 -1 1.3624720189872243e-16
		outer loop
			vertex -2.0999999046325684 0.7499999970197685 -3.2000000476837167
			vertex 0.8960769772529602 0.7499999970197682 -1.7400000095367436
			vertex 0.9151471853256226 0.7499999970197682 -1.7151471376419072
		endloop
	endfacet
	facet normal -5.5176009924167486e-17 -1 -4.233808637564219e-17
		outer loop
			vertex 0.9151471853256226 0.7499999970197683 -1.884852766990662
			vertex 0.8960769772529602 0.7499999970197683 -1.8600000143051152
			vertex -2.0999999046325684 0.7499999970197685 -3.2000000476837167
		endloop
	endfacet
	facet normal -1.4062693048133212e-15 -1 -1.2588140036970738e-15
		outer loop
			vertex -2.0999999046325684 0.749999997019767 3.2000000476837167
			vertex -1.0414814949035645 0.7499999970197675 1.6647047996521
			vertex -1.016506314277649 0.7499999970197674 1.7250000238418584
		endloop
	endfacet
	facet normal 1.0700143444090741e-16 -1 8.210516230699204e-17
		outer loop
			vertex -0.6232233047485352 0.7499999970197674 1.7767766714096074
			vertex -0.5834936499595642 0.7499999970197674 1.7250000238418584
			vertex 0.550000011920929 0.7499999970197675 1.6000000238418584
		endloop
	endfacet
	facet normal 0 -1 0
		outer loop
			vertex 0.6232233047485352 0.7499999970197675 1.4232232570648196
			vertex 0.5834936499595642 0.7499999970197675 1.4750000238418581
			vertex -0.550000011920929 0.7499999970197675 1.6000000238418584
		endloop
	endfacet
	facet normal -2.1392785401767e-16 -1 -1.6415213942139818e-16
		outer loop
			vertex -0.9767767190933228 0.7499999970197675 1.4232232570648196
			vertex -1.016506314277649 0.7499999970197675 1.4750000238418581
			vertex -2.0999999046325684 0.7499999970197685 -3.2000000476837167
		endloop
	endfacet
	facet normal -1.5379504457786212e-16 -1 -1.180111591029297e-16
		outer loop
			vertex -0.3181980550289154 0.7499999970197679 -0.8181980252265932
			vertex -0.3897114396095276 0.7499999970197679 -0.725000023841858
			vertex -2.0999999046325684 0.7499999970197685 -3.2000000476837167
		endloop
	endfacet
	facet normal -3.0838373040804497e-16 -1 4.0189529609765724e-16
		outer loop
			vertex -2.0999999046325684 0.7499999970197685 -3.2000000476837167
			vertex 0.9151471853256226 0.7499999970197682 -1.7151471376419072
			vertex 0.9399999976158142 0.7499999970197682 -1.6960769891738896
		endloop
	endfacet
	facet normal -4.6953050103472965e-17 -1 -6.119029687570462e-17
		outer loop
			vertex 0.9399999976158142 0.7499999970197683 -1.9039230346679692
			vertex 0.9151471853256226 0.7499999970197683 -1.884852766990662
			vertex -2.0999999046325684 0.7499999970197685 -3.2000000476837167
		endloop
	endfacet
	facet normal 1.5034842766028303e-16 -1 -1.1536633691331668e-16
		outer loop
			vertex -2.0999999046325684 0.749999997019767 3.2000000476837167
			vertex -1.016506314277649 0.7499999970197674 1.7250000238418584
			vertex -0.9767767190933228 0.7499999970197674 1.7767766714096074
		endloop
	endfacet
	facet normal 1.1775259422707637e-16 -1 1.5345797681004118e-16
		outer loop
			vertex -0.675000011920929 0.7499999970197674 1.816506385803223
			vertex -0.6232233047485352 0.7499999970197674 1.7767766714096074
			vertex 0.550000011920929 0.7499999970197675 1.6000000238418584
		endloop
	endfacet
	facet normal 0 -1 0
		outer loop
			vertex 0.675000011920929 0.7499999970197675 1.3834936618804934
			vertex 0.6232233047485352 0.7499999970197675 1.4232232570648196
			vertex -0.550000011920929 0.7499999970197675 1.6000000238418584
		endloop
	endfacet
	facet normal -1.3978089037380252e-16 -1 -1.8216632199756456e-16
		outer loop
			vertex -0.925000011920929 0.7499999970197675 1.3834936618804934
			vertex -0.9767767190933228 0.7499999970197675 1.4232232570648196
			vertex -2.0999999046325684 0.7499999970197685 -3.2000000476837167
		endloop
	endfacet
	facet normal 6.4319947698798e-16 -1 -7.142346484024313e-16
		outer loop
			vertex -0.22499999403953552 0.749999997019768 -0.8897114396095278
			vertex -0.3181980550289154 0.7499999970197679 -0.8181980252265932
			vertex -2.0999999046325684 0.7499999970197685 -3.2000000476837167
		endloop
	endfacet
	facet normal -3.599357988561656e-17 -1 -8.689616778954418e-17
		outer loop
			vertex 0.9689416885375977 0.7499999970197683 -1.9159110784530644
			vertex 0.9399999976158142 0.7499999970197683 -1.9039230346679692
			vertex -2.0999999046325684 0.7499999970197685 -3.2000000476837167
		endloop
	endfacet
	facet normal 1.1184241742160992e-16 -1 -1.4575569406111502e-16
		outer loop
			vertex -2.0999999046325684 0.749999997019767 3.2000000476837167
			vertex -0.9767767190933228 0.7499999970197674 1.7767766714096074
			vertex -0.925000011920929 0.7499999970197674 1.816506385803223
		endloop
	endfacet
	facet normal 1.5808237861464677e-16 -1 3.816452059923727e-16
		outer loop
			vertex -0.7352952361106873 0.7499999970197674 1.841481447219849
			vertex -0.675000011920929 0.7499999970197674 1.816506385803223
			vertex 0.550000011920929 0.7499999970197675 1.6000000238418584
		endloop
	endfacet
	facet normal 0 -1 0
		outer loop
			vertex 0.7352952361106873 0.7499999970197675 1.3585186004638674
			vertex 0.675000011920929 0.7499999970197675 1.3834936618804934
			vertex -0.550000011920929 0.7499999970197675 1.6000000238418584
		endloop
	endfacet
	facet normal -8.163038130054435e-17 -1 -1.9707347497993484e-16
		outer loop
			vertex -0.8647047877311707 0.7499999970197675 1.3585186004638674
			vertex -0.925000011920929 0.7499999970197675 1.3834936618804934
			vertex -2.0999999046325684 0.7499999970197685 -3.2000000476837167
		endloop
	endfacet
	facet normal -5.95890602494361e-17 -1 -1.4386069603965868e-16
		outer loop
			vertex -0.11646857112646103 0.749999997019768 -0.9346666336059573
			vertex -0.22499999403953552 0.749999997019768 -0.8897114396095278
			vertex -2.0999999046325684 0.7499999970197685 -3.2000000476837167
		endloop
	endfacet
	facet normal -1.7316623796078482e-17 -1 -1.3153364132172313e-16
		outer loop
			vertex 1 0.7499999970197683 -1.9199999570846562
			vertex 0.9689416885375977 0.7499999970197683 -1.9159110784530644
			vertex -2.0999999046325684 0.7499999970197685 -3.2000000476837167
		endloop
	endfacet
	facet normal 0 -1 -2.40743356160252e-16
		outer loop
			vertex 2.0999999046325684 0.749999997019767 3.2000000476837167
			vertex -2.0999999046325684 0.749999997019767 3.2000000476837167
			vertex -0.925000011920929 0.7499999970197674 1.816506385803223
		endloop
	endfacet
	facet normal 8.4293840454435e-17 -1 -1.1097457728250966e-17
		outer loop
			vertex -0.7352952361106873 0.7499999970197674 1.841481447219849
			vertex 0.550000011920929 0.7499999970197675 1.6000000238418584
			vertex 0.5585185289382935 0.7499999970197675 1.6647047996521
		endloop
	endfacet
	facet normal 0 -1 0
		outer loop
			vertex 0.7352952361106873 0.7499999970197675 1.3585186004638674
			vertex -0.550000011920929 0.7499999970197675 1.6000000238418584
			vertex -0.5585185289382935 0.7499999970197675 1.5352952480316167
		endloop
	endfacet
	facet normal -2.7863504326992744e-17 -1 -2.1164355041517658e-16
		outer loop
			vertex -0.800000011920929 0.7499999970197675 1.3500000238418581
			vertex -0.8647047877311707 0.7499999970197675 1.3585186004638674
			vertex -2.0999999046325684 0.7499999970197685 -3.2000000476837167
		endloop
	endfacet
	facet normal -2.3141128148371273e-17 -1 -1.757745922081825e-16
		outer loop
			vertex -8.266365924077638e-17 0.749999997019768 -0.9499999880790713
			vertex -0.11646857112646103 0.749999997019768 -0.9346666336059573
			vertex -2.0999999046325684 0.7499999970197685 -3.2000000476837167
		endloop
	endfacet
	facet normal 3.35281760798336e-17 -1 -2.5467337851707076e-16
		outer loop
			vertex 1.0310583114624023 0.7499999970197683 -1.9159110784530644
			vertex 1 0.7499999970197683 -1.9199999570846562
			vertex -2.0999999046325684 0.7499999970197685 -3.2000000476837167
		endloop
	endfacet
	facet normal 1.0571728483900837e-15 -1 -2.5522449309602856e-15
		outer loop
			vertex 2.0999999046325684 0.749999997019767 3.2000000476837167
			vertex -0.925000011920929 0.7499999970197674 1.816506385803223
			vertex -0.8647047877311707 0.7499999970197674 1.841481447219849
		endloop
	endfacet
	facet normal -1.568930404759562e-16 -1 -1.7763244308066791e-15
		outer loop
			vertex -0.7352952361106873 0.7499999970197674 1.841481447219849
			vertex 0.5585185289382935 0.7499999970197675 1.6647047996521
			vertex 0.5834936499595642 0.7499999970197674 1.7250000238418584
		endloop
	endfacet
	facet normal 0 -1 0
		outer loop
			vertex 0.7352952361106873 0.7499999970197675 1.3585186004638674
			vertex -0.5585185289382935 0.7499999970197675 1.5352952480316167
			vertex -0.5834936499595642 0.7499999970197675 1.4750000238418581
		endloop
	endfacet
	facet normal 3.0041613061815375e-17 -1 -2.2818786804365213e-16
		outer loop
			vertex -0.7352952361106873 0.7499999970197675 1.3585186004638674
			vertex -0.800000011920929 0.7499999970197675 1.3500000238418581
			vertex -2.0999999046325684 0.7499999970197685 -3.2000000476837167
		endloop
	endfacet
	facet normal 2.962476134592618e-17 -1 -2.2502275219505285e-16
		outer loop
			vertex 0.11646857112646103 0.749999997019768 -0.9346666336059573
			vertex -8.266365924077638e-17 0.749999997019768 -0.9499999880790713
			vertex -2.0999999046325684 0.7499999970197685 -3.2000000476837167
		endloop
	endfacet
	facet normal 0 -1 -1.7291995355903333e-16
		outer loop
			vertex 1.0310583114624023 0.7499999970197683 -1.9159110784530644
			vertex -2.0999999046325684 0.7499999970197685 -3.2000000476837167
			vertex 2.0999999046325684 0.7499999970197685 -3.2000000476837167
		endloop
	endfacet
	facet normal 4.5289157041364654e-17 -1 -3.440040376493238e-16
		outer loop
			vertex 2.0999999046325684 0.749999997019767 3.2000000476837167
			vertex -0.8647047877311707 0.7499999970197674 1.841481447219849
			vertex -0.800000011920929 0.7499999970197674 1.8500000238418584
		endloop
	endfacet
	facet normal 0 -1 0
		outer loop
			vertex -0.800000011920929 0.7499999970197674 1.8500000238418584
			vertex -0.7352952361106873 0.7499999970197674 1.841481447219849
			vertex 0.5834936499595642 0.7499999970197674 1.7250000238418584
		endloop
	endfacet
	facet normal 0 -1 0
		outer loop
			vertex 0.800000011920929 0.7499999970197675 1.3500000238418581
			vertex 0.7352952361106873 0.7499999970197675 1.3585186004638674
			vertex -0.5834936499595642 0.7499999970197675 1.4750000238418581
		endloop
	endfacet
	facet normal 1.0364561698507313e-16 -1 -2.502230368186644e-16
		outer loop
			vertex -0.675000011920929 0.7499999970197675 1.3834936618804934
			vertex -0.7352952361106873 0.7499999970197675 1.3585186004638674
			vertex -2.0999999046325684 0.7499999970197685 -3.2000000476837167
		endloop
	endfacet
	facet normal 1.3653657209595838e-16 -1 -3.2962839511770104e-16
		outer loop
			vertex 0.22499999403953552 0.749999997019768 -0.8897114396095278
			vertex 0.11646857112646103 0.749999997019768 -0.9346666336059573
			vertex -2.0999999046325684 0.7499999970197685 -3.2000000476837167
		endloop
	endfacet
	facet normal 5.3260885901085955e-17 -1 -1.2858285730403476e-16
		outer loop
			vertex 1.059999942779541 0.7499999970197683 -1.9039230346679692
			vertex 1.0310583114624023 0.7499999970197683 -1.9159110784530644
			vertex 2.0999999046325684 0.7499999970197685 -3.2000000476837167
		endloop
	endfacet
	facet normal 0 -1 0
		outer loop
			vertex -0.800000011920929 0.7499999970197674 1.8500000238418584
			vertex 0.5834936499595642 0.7499999970197674 1.7250000238418584
			vertex 0.6232233047485352 0.7499999970197674 1.7767766714096074
		endloop
	endfacet
	facet normal 0 -1 0
		outer loop
			vertex 0.800000011920929 0.7499999970197675 1.3500000238418581
			vertex -0.5834936499595642 0.7499999970197675 1.4750000238418581
			vertex -0.6232233047485352 0.7499999970197675 1.4232232570648196
		endloop
	endfacet
	facet normal 2.196849026585252e-16 -1 -2.8629944056499484e-16
		outer loop
			vertex -0.6232233047485352 0.7499999970197675 1.4232232570648196
			vertex -0.675000011920929 0.7499999970197675 1.3834936618804934
			vertex -2.0999999046325684 0.7499999970197685 -3.2000000476837167
		endloop
	endfacet
	facet normal -4.5821561022017094e-15 -1 4.419111632974309e-15
		outer loop
			vertex 0.3181980550289154 0.7499999970197679 -0.8181980252265932
			vertex 0.22499999403953552 0.749999997019768 -0.8897114396095278
			vertex -2.0999999046325684 0.7499999970197685 -3.2000000476837167
		endloop
	endfacet
	facet normal 8.1362395948771e-17 -1 -1.0603360360683195e-16
		outer loop
			vertex 1.0848528146743774 0.7499999970197683 -1.884852766990662
			vertex 1.059999942779541 0.7499999970197683 -1.9039230346679692
			vertex 2.0999999046325684 0.7499999970197685 -3.2000000476837167
		endloop
	endfacet
	facet normal -1.1430043761656263e-17 -1 -2.2216279713760517e-16
		outer loop
			vertex 2.0999999046325684 0.749999997019767 3.2000000476837167
			vertex -0.800000011920929 0.7499999970197674 1.8500000238418584
			vertex 0.6232233047485352 0.7499999970197674 1.7767766714096074
		endloop
	endfacet
	facet normal -4.3769858148033674e-17 -1 -2.0214520438791858e-16
		outer loop
			vertex -0.6232233047485352 0.7499999970197675 1.4232232570648196
			vertex -2.0999999046325684 0.7499999970197685 -3.2000000476837167
			vertex -0.3897114396095276 0.7499999970197678 -0.27500000596046453
		endloop
	endfacet
	facet normal 1.1527965853225295e-17 -1 -2.447677893968997e-16
		outer loop
			vertex 0.3181980550289154 0.7499999970197679 -0.8181980252265932
			vertex -2.0999999046325684 0.7499999970197685 -3.2000000476837167
			vertex 0.9399999976158142 0.7499999970197682 -1.6960769891738896
		endloop
	endfacet
	facet normal 1.0968961123949649e-16 -1 -8.416815127981567e-17
		outer loop
			vertex 1.1039230823516846 0.7499999970197683 -1.8600000143051152
			vertex 1.0848528146743774 0.7499999970197683 -1.884852766990662
			vertex 2.0999999046325684 0.7499999970197685 -3.2000000476837167
		endloop
	endfacet
	facet normal 8.811249597694607e-16 -1 -1.148302969718849e-15
		outer loop
			vertex 2.0999999046325684 0.749999997019767 3.2000000476837167
			vertex 0.6232233047485352 0.7499999970197674 1.7767766714096074
			vertex 0.675000011920929 0.7499999970197674 1.816506385803223
		endloop
	endfacet
	facet normal -1.0162389703352619e-17 -1 -1.9752405544361693e-16
		outer loop
			vertex 0.800000011920929 0.7499999970197675 1.3500000238418581
			vertex -0.6232233047485352 0.7499999970197675 1.4232232570648196
			vertex -0.3897114396095276 0.7499999970197678 -0.27500000596046453
		endloop
	endfacet
	facet normal 1.7140708401996826e-16 -1 -1.315253603857754e-16
		outer loop
			vertex 0.3897114396095276 0.7499999970197679 -0.725000023841858
			vertex 0.3181980550289154 0.7499999970197679 -0.8181980252265932
			vertex 0.9399999976158142 0.7499999970197682 -1.6960769891738896
		endloop
	endfacet
	facet normal -3.1707863267388134e-15 -1 -2.522680066560576e-15
		outer loop
			vertex 1.1159111261367798 0.7499999970197682 -1.831058263778687
			vertex 1.1039230823516846 0.7499999970197683 -1.8600000143051152
			vertex 2.0999999046325684 0.7499999970197685 -3.2000000476837167
		endloop
	endfacet
	facet normal 1.739203395351484e-16 -1 -4.1988148451357625e-16
		outer loop
			vertex 2.0999999046325684 0.749999997019767 3.2000000476837167
			vertex 0.675000011920929 0.7499999970197674 1.816506385803223
			vertex 0.7352952361106873 0.7499999970197674 1.841481447219849
		endloop
	endfacet
	facet normal 5.823369567119956e-15 -1 -4.468428452132043e-15
		outer loop
			vertex 0.800000011920929 0.7499999970197675 1.3500000238418581
			vertex -0.3897114396095276 0.7499999970197678 -0.27500000596046453
			vertex -0.3181980550289154 0.7499999970197678 -0.18180194497108465
		endloop
	endfacet
	facet normal 2.331123911055187e-16 -1 -9.655828190520153e-17
		outer loop
			vertex 0.43466663360595703 0.7499999970197679 -0.6164685487747193
			vertex 0.3897114396095276 0.7499999970197679 -0.725000023841858
			vertex 0.9399999976158142 0.7499999970197682 -1.6960769891738896
		endloop
	endfacet
	facet normal 2.8606321585250213e-16 -1 -3.766070064690033e-17
		outer loop
			vertex 1.1200000047683716 0.7499999970197682 -1.7999999523162846
			vertex 1.1159111261367798 0.7499999970197682 -1.831058263778687
			vertex 2.0999999046325684 0.7499999970197685 -3.2000000476837167
		endloop
	endfacet
	facet normal 3.719659667687077e-17 -1 -2.8253516469670644e-16
		outer loop
			vertex 2.0999999046325684 0.749999997019767 3.2000000476837167
			vertex 0.7352952361106873 0.7499999970197674 1.841481447219849
			vertex 0.800000011920929 0.7499999970197674 1.8500000238418584
		endloop
	endfacet
	facet normal 3.166953322919354e-17 -1 -2.405531039440988e-16
		outer loop
			vertex 0.8647047877311707 0.7499999970197675 1.3585186004638674
			vertex 0.800000011920929 0.7499999970197675 1.3500000238418581
			vertex -0.3181980550289154 0.7499999970197678 -0.18180194497108465
		endloop
	endfacet
	facet normal 3.429438700977493e-16 -1 -4.5149355597807234e-17
		outer loop
			vertex 0.44999998807907104 0.7499999970197679 -0.5000000000000001
			vertex 0.43466663360595703 0.7499999970197679 -0.6164685487747193
			vertex 0.9399999976158142 0.7499999970197682 -1.6960769891738896
		endloop
	endfacet
	facet normal 4.185904441250059e-16 -1 5.510834334537664e-17
		outer loop
			vertex 1.1159111261367798 0.7499999970197682 -1.7689417600631718
			vertex 1.1200000047683716 0.7499999970197682 -1.7999999523162846
			vertex 2.0999999046325684 0.7499999970197685 -3.2000000476837167
		endloop
	endfacet
	facet normal -2.882640329916682e-17 -1 -2.1895746738593685e-16
		outer loop
			vertex 2.0999999046325684 0.749999997019767 3.2000000476837167
			vertex 0.800000011920929 0.7499999970197674 1.8500000238418584
			vertex 0.8647047877311707 0.7499999970197674 1.841481447219849
		endloop
	endfacet
	facet normal 1.31347671920884e-16 -1 -3.171018158137699e-16
		outer loop
			vertex 0.925000011920929 0.7499999970197675 1.3834936618804934
			vertex 0.8647047877311707 0.7499999970197675 1.3585186004638674
			vertex -0.3181980550289154 0.7499999970197678 -0.18180194497108465
		endloop
	endfacet
	facet normal 0 0 0
		outer loop
			vertex 0.44999998807907104 0.7499999970197679 -0.5000000000000001
			vertex 0.44999998807907104 0.7499999970197679 -0.5000000000000001
			vertex 0.9399999976158142 0.7499999970197682 -1.6960769891738896
		endloop
	endfacet
	facet normal 8.511236611501799e-16 -1 3.525463225550827e-16
		outer loop
			vertex 1.1039230823516846 0.7499999970197682 -1.7400000095367436
			vertex 1.1159111261367798 0.7499999970197682 -1.7689417600631718
			vertex 2.0999999046325684 0.7499999970197685 -3.2000000476837167
		endloop
	endfacet
	facet normal -7.376808681434534e-17 -1 -1.7809218797594422e-16
		outer loop
			vertex 2.0999999046325684 0.749999997019767 3.2000000476837167
			vertex 0.8647047877311707 0.7499999970197674 1.841481447219849
			vertex 0.925000011920929 0.7499999970197674 1.816506385803223
		endloop
	endfacet
	facet normal 4.180379454693629e-16 -1 -5.447986114405567e-16
		outer loop
			vertex 0.9767767190933228 0.7499999970197675 1.4232232570648196
			vertex 0.925000011920929 0.7499999970197675 1.3834936618804934
			vertex -0.3181980550289154 0.7499999970197678 -0.18180194497108465
		endloop
	endfacet
	facet normal 6.677355631736527e-16 -1 8.790891251131211e-17
		outer loop
			vertex 0.43466663360595703 0.7499999970197679 -0.3835314214229585
			vertex 0.44999998807907104 0.7499999970197679 -0.5000000000000001
			vertex 0.9399999976158142 0.7499999970197682 -1.6960769891738896
		endloop
	endfacet
	facet normal 3.8314192894747265e-18 -1 -2.255140485165637e-16
		outer loop
			vertex 1.1039230823516846 0.7499999970197682 -1.7400000095367436
			vertex 2.0999999046325684 0.7499999970197685 -3.2000000476837167
			vertex 2.0999999046325684 0.749999997019767 3.2000000476837167
		endloop
	endfacet
	facet normal -1.1184241742160992e-16 -1 -1.4575569406111502e-16
		outer loop
			vertex 2.0999999046325684 0.749999997019767 3.2000000476837167
			vertex 0.925000011920929 0.7499999970197674 1.816506385803223
			vertex 0.9767767190933228 0.7499999970197674 1.7767766714096074
		endloop
	endfacet
	facet normal 4.180397095096837e-16 -1 -5.448000347127353e-16
		outer loop
			vertex 0.9767767190933228 0.7499999970197675 1.4232232570648196
			vertex -0.3181980550289154 0.7499999970197678 -0.18180194497108465
			vertex -0.22499999403953552 0.7499999970197678 -0.11028856784105305
		endloop
	endfacet
	facet normal 6.043513544283717e-17 -1 -1.4590328848960085e-16
		outer loop
			vertex 0.43466663360595703 0.7499999970197679 -0.3835314214229585
			vertex 0.9399999976158142 0.7499999970197682 -1.6960769891738896
			vertex 0.9689416885375977 0.7499999970197682 -1.6840889453887944
		endloop
	endfacet
	facet normal -2.319405880932593e-16 -1 -1.7797416406791494e-16
		outer loop
			vertex 1.0848528146743774 0.7499999970197682 -1.7151471376419072
			vertex 1.1039230823516846 0.7499999970197682 -1.7400000095367436
			vertex 2.0999999046325684 0.749999997019767 3.2000000476837167
		endloop
	endfacet
	facet normal -1.5034842766028303e-16 -1 -1.1536633691331668e-16
		outer loop
			vertex 2.0999999046325684 0.749999997019767 3.2000000476837167
			vertex 0.9767767190933228 0.7499999970197674 1.7767766714096074
			vertex 1.016506314277649 0.7499999970197674 1.7250000238418584
		endloop
	endfacet
	facet normal 1.3320287190664829e-16 -1 -3.2158018540068667e-16
		outer loop
			vertex 0.9767767190933228 0.7499999970197675 1.4232232570648196
			vertex -0.22499999403953552 0.7499999970197678 -0.11028856784105305
			vertex -0.11646857112646103 0.7499999970197678 -0.06533338129520419
		endloop
	endfacet
	facet normal 2.1324270995161734e-17 -1 -1.6197021276334384e-16
		outer loop
			vertex 0.43466663360595703 0.7499999970197679 -0.3835314214229585
			vertex 0.9689416885375977 0.7499999970197682 -1.6840889453887944
			vertex 1 0.7499999970197682 -1.679999947547913
		endloop
	endfacet
	facet normal -1.4961091311484104e-16 -1 -1.9497807602014838e-16
		outer loop
			vertex 1.059999942779541 0.7499999970197682 -1.6960769891738896
			vertex 1.0848528146743774 0.7499999970197682 -1.7151471376419072
			vertex 2.0999999046325684 0.749999997019767 3.2000000476837167
		endloop
	endfacet
	facet normal 1.4062693048133212e-15 -1 -1.2588140036970738e-15
		outer loop
			vertex 2.0999999046325684 0.749999997019767 3.2000000476837167
			vertex 1.016506314277649 0.7499999970197674 1.7250000238418584
			vertex 1.0414814949035645 0.7499999970197675 1.6647047996521
		endloop
	endfacet
	facet normal 6.8026876143145325e-15 -1 -5.219870646731877e-15
		outer loop
			vertex 1.016506314277649 0.7499999970197675 1.4750000238418581
			vertex 0.9767767190933228 0.7499999970197675 1.4232232570648196
			vertex -0.11646857112646103 0.7499999970197678 -0.06533338129520419
		endloop
	endfacet
	facet normal -3.8991568884989824e-14 -1 -1.7173790998390654e-14
		outer loop
			vertex 0.3897114396095276 0.7499999970197678 -0.27500000596046453
			vertex 0.43466663360595703 0.7499999970197679 -0.3835314214229585
			vertex 1 0.7499999970197682 -1.679999947547913
		endloop
	endfacet
	facet normal -8.633049898419212e-17 -1 -2.0841978206081923e-16
		outer loop
			vertex 1.0310583114624023 0.7499999970197682 -1.6840889453887944
			vertex 1.059999942779541 0.7499999970197682 -1.6960769891738896
			vertex 2.0999999046325684 0.749999997019767 3.2000000476837167
		endloop
	endfacet
	facet normal -3.522723249680019e-16 -1 -4.637705270349934e-17
		outer loop
			vertex 2.0999999046325684 0.749999997019767 3.2000000476837167
			vertex 1.0414814949035645 0.7499999970197675 1.6647047996521
			vertex 1.0499999523162842 0.7499999970197675 1.6000000238418584
		endloop
	endfacet
	facet normal 3.15194819645654e-17 -1 -2.394141993054632e-16
		outer loop
			vertex 1.016506314277649 0.7499999970197675 1.4750000238418581
			vertex -0.11646857112646103 0.7499999970197678 -0.06533338129520419
			vertex 2.7554552528805052e-17 0.7499999970197678 -0.05000000074505809
		endloop
	endfacet
	facet normal -3.310310228103028e-17 -1 -2.5143727167984917e-16
		outer loop
			vertex 0.3897114396095276 0.7499999970197678 -0.27500000596046453
			vertex 1 0.7499999970197682 -1.679999947547913
			vertex 1.0310583114624023 0.7499999970197682 -1.6840889453887944
		endloop
	endfacet
	facet normal -1.1486714191588208e-16 -1 -2.0217419468466883e-16
		outer loop
			vertex 1.0310583114624023 0.7499999970197682 -1.6840889453887944
			vertex 2.0999999046325684 0.749999997019767 3.2000000476837167
			vertex 1.0499999523162842 0.7499999970197675 1.6000000238418584
		endloop
	endfacet
	facet normal -2.643381900510978e-17 -1 -2.0078475968636215e-16
		outer loop
			vertex 1.016506314277649 0.7499999970197675 1.4750000238418581
			vertex 2.7554552528805052e-17 0.7499999970197678 -0.05000000074505809
			vertex 0.11646857112646103 0.7499999970197678 -0.06533338129520419
		endloop
	endfacet
	facet normal 1.6113057962230968e-15 -1 -2.121302428162084e-16
		outer loop
			vertex 1.0310583114624023 0.7499999970197682 -1.6840889453887944
			vertex 1.0499999523162842 0.7499999970197675 1.6000000238418584
			vertex 1.0414814949035645 0.7499999970197675 1.5352952480316167
		endloop
	endfacet
	facet normal -7.211220221178796e-17 -1 -1.7409425956799623e-16
		outer loop
			vertex 1.016506314277649 0.7499999970197675 1.4750000238418581
			vertex 0.11646857112646103 0.7499999970197678 -0.06533338129520419
			vertex 0.22499999403953552 0.7499999970197678 -0.11028856784105305
		endloop
	endfacet
	facet normal 6.42621292762848e-17 -1 -2.0712148369853918e-16
		outer loop
			vertex 0.3897114396095276 0.7499999970197678 -0.27500000596046453
			vertex 1.0310583114624023 0.7499999970197682 -1.6840889453887944
			vertex 1.0414814949035645 0.7499999970197675 1.5352952480316167
		endloop
	endfacet
	facet normal -1.1655905439117277e-16 -1 -1.5190273898351647e-16
		outer loop
			vertex 1.016506314277649 0.7499999970197675 1.4750000238418581
			vertex 0.22499999403953552 0.7499999970197678 -0.11028856784105305
			vertex 0.3181980550289154 0.7499999970197678 -0.18180194497108465
		endloop
	endfacet
	facet normal 3.395827417509844e-15 -1 -1.4066023348686761e-15
		outer loop
			vertex 0.3897114396095276 0.7499999970197678 -0.27500000596046453
			vertex 1.0414814949035645 0.7499999970197675 1.5352952480316167
			vertex 1.016506314277649 0.7499999970197675 1.4750000238418581
		endloop
	endfacet
	facet normal -1.6910236610781908e-16 -1 -1.297568040856341e-16
		outer loop
			vertex 1.016506314277649 0.7499999970197675 1.4750000238418581
			vertex 0.3181980550289154 0.7499999970197678 -0.18180194497108465
			vertex 0.3897114396095276 0.7499999970197678 -0.27500000596046453
		endloop
	endfacet
	facet normal 1 0 0
		outer loop
			vertex 2.0999999046325684 0.9000000029802331 -3.2000000476837167
			vertex 2.0999999046325684 0.9000000029802316 3.2000000476837167
			vertex 2.0999999046325684 0.7499999970197685 -3.2000000476837167
		endloop
	endfacet
	facet normal 1 0 0
		outer loop
			vertex 2.0999999046325684 0.9000000029802316 3.2000000476837167
			vertex 2.0999999046325684 0.749999997019767 3.2000000476837167
			vertex 2.0999999046325684 0.7499999970197685 -3.2000000476837167
		endloop
	endfacet
	facet normal 0 0 1
		outer loop
			vertex 2.0999999046325684 0.9000000029802316 3.2000000476837167
			vertex -2.0999999046325684 0.9000000029802316 3.2000000476837167
			vertex 2.0999999046325684 0.749999997019767 3.2000000476837167
		endloop
	endfacet
	facet normal 0 0 1
		outer loop
			vertex -2.0999999046325684 0.9000000029802316 3.2000000476837167
			vertex -2.0999999046325684 0.749999997019767 3.2000000476837167
			vertex 2.0999999046325684 0.749999997019767 3.2000000476837167
		endloop
	endfacet
	facet normal -1 0 0
		outer loop
			vertex -2.0999999046325684 0.9000000029802316 3.2000000476837167
			vertex -2.0999999046325684 0.9000000029802331 -3.2000000476837167
			vertex -2.0999999046325684 0.749999997019767 3.2000000476837167
		endloop
	endfacet
	facet normal -1 0 0
		outer loop
			vertex -2.0999999046325684 0.9000000029802331 -3.2000000476837167
			vertex -2.0999999046325684 0.7499999970197685 -3.2000000476837167
			vertex -2.0999999046325684 0.749999997019767 3.2000000476837167
		endloop
	endfacet
	facet normal 0 0 -1
		outer loop
			vertex -2.0999999046325684 0.9000000029802331 -3.2000000476837167
			vertex 2.0999999046325684 0.9000000029802331 -3.2000000476837167
			vertex -2.0999999046325684 0.7499999970197685 -3.2000000476837167
		endloop
	endfacet
	facet normal 0 0 -1
		outer loop
			vertex 2.0999999046325684 0.9000000029802331 -3.2000000476837167
			vertex 2.0999999046325684 0.7499999970197685 -3.2000000476837167
			vertex -2.0999999046325684 0.7499999970197685 -3.2000000476837167
		endloop
	endfacet
	facet normal -0.991444884357097 0 0.1305260176445394
		outer loop
			vertex 0.44999998807907104 0.9000000029802324 -0.5000000000000001
			vertex 0.43466663360595703 0.9000000029802324 -0.6164685487747193
			vertex 0.44999998807907104 0.7499999970197679 -0.5000000000000001
		endloop
	endfacet
	facet normal -0.991444884357097 0 0.1305260176445394
		outer loop
			vertex 0.43466663360595703 0.9000000029802324 -0.6164685487747193
			vertex 0.43466663360595703 0.7499999970197679 -0.6164685487747193
			vertex 0.44999998807907104 0.7499999970197679 -0.5000000000000001
		endloop
	endfacet
	facet normal -0.923879577417339 0 0.38268332395227167
		outer loop
			vertex 0.43466663360595703 0.9000000029802324 -0.6164685487747193
			vertex 0.3897114396095276 0.9000000029802325 -0.725000023841858
			vertex 0.43466663360595703 0.7499999970197679 -0.6164685487747193
		endloop
	endfacet
	facet normal -0.923879577417339 0 0.3826833239522717
		outer loop
			vertex 0.3897114396095276 0.9000000029802325 -0.725000023841858
			vertex 0.3897114396095276 0.7499999970197679 -0.725000023841858
			vertex 0.43466663360595703 0.7499999970197679 -0.6164685487747193
		endloop
	endfacet
	facet normal -0.7933531639498634 0 0.6087616588212016
		outer loop
			vertex 0.3897114396095276 0.9000000029802325 -0.725000023841858
			vertex 0.3181980550289154 0.9000000029802325 -0.8181980252265932
			vertex 0.3897114396095276 0.7499999970197679 -0.725000023841858
		endloop
	endfacet
	facet normal -0.7933531639498634 0 0.6087616588212016
		outer loop
			vertex 0.3181980550289154 0.9000000029802325 -0.8181980252265932
			vertex 0.3181980550289154 0.7499999970197679 -0.8181980252265932
			vertex 0.3897114396095276 0.7499999970197679 -0.725000023841858
		endloop
	endfacet
	facet normal -0.6087615734489952 0 0.7933532294582935
		outer loop
			vertex 0.3181980550289154 0.9000000029802325 -0.8181980252265932
			vertex 0.22499999403953552 0.9000000029802325 -0.8897114396095278
			vertex 0.3181980550289154 0.7499999970197679 -0.8181980252265932
		endloop
	endfacet
	facet normal -0.6087615734489952 0 0.7933532294582935
		outer loop
			vertex 0.22499999403953552 0.9000000029802325 -0.8897114396095278
			vertex 0.22499999403953552 0.749999997019768 -0.8897114396095278
			vertex 0.3181980550289154 0.7499999970197679 -0.8181980252265932
		endloop
	endfacet
	facet normal -0.38268348091729404 0 0.923879512400304
		outer loop
			vertex 0.22499999403953552 0.9000000029802325 -0.8897114396095278
			vertex 0.11646857112646103 0.9000000029802325 -0.9346666336059573
			vertex 0.22499999403953552 0.749999997019768 -0.8897114396095278
		endloop
	endfacet
	facet normal -0.38268348091729404 0 0.923879512400304
		outer loop
			vertex 0.11646857112646103 0.9000000029802325 -0.9346666336059573
			vertex 0.11646857112646103 0.749999997019768 -0.9346666336059573
			vertex 0.22499999403953552 0.749999997019768 -0.8897114396095278
		endloop
	endfacet
	facet normal -0.13052599302177165 0 0.9914448875987412
		outer loop
			vertex 0.11646857112646103 0.9000000029802325 -0.9346666336059573
			vertex -8.266365924077638e-17 0.9000000029802325 -0.9499999880790713
			vertex 0.11646857112646103 0.749999997019768 -0.9346666336059573
		endloop
	endfacet
	facet normal -0.13052599302177165 0 0.9914448875987412
		outer loop
			vertex -8.266365924077638e-17 0.9000000029802325 -0.9499999880790713
			vertex -8.266365924077638e-17 0.749999997019768 -0.9499999880790713
			vertex 0.11646857112646103 0.749999997019768 -0.9346666336059573
		endloop
	endfacet
	facet normal 0.13052599302177184 0 0.9914448875987412
		outer loop
			vertex -8.266365924077638e-17 0.9000000029802325 -0.9499999880790713
			vertex -0.11646857112646103 0.9000000029802325 -0.9346666336059573
			vertex -8.266365924077638e-17 0.749999997019768 -0.9499999880790713
		endloop
	endfacet
	facet normal 0.13052599302177184 0 0.9914448875987412
		outer loop
			vertex -0.11646857112646103 0.9000000029802325 -0.9346666336059573
			vertex -0.11646857112646103 0.749999997019768 -0.9346666336059573
			vertex -8.266365924077638e-17 0.749999997019768 -0.9499999880790713
		endloop
	endfacet
	facet normal 0.38268348091729404 0 0.923879512400304
		outer loop
			vertex -0.11646857112646103 0.9000000029802325 -0.9346666336059573
			vertex -0.22499999403953552 0.9000000029802325 -0.8897114396095278
			vertex -0.11646857112646103 0.749999997019768 -0.9346666336059573
		endloop
	endfacet
	facet normal 0.38268348091729404 0 0.923879512400304
		outer loop
			vertex -0.22499999403953552 0.9000000029802325 -0.8897114396095278
			vertex -0.22499999403953552 0.749999997019768 -0.8897114396095278
			vertex -0.11646857112646103 0.749999997019768 -0.9346666336059573
		endloop
	endfacet
	facet normal 0.6087615734489952 0 0.7933532294582935
		outer loop
			vertex -0.22499999403953552 0.9000000029802325 -0.8897114396095278
			vertex -0.3181980550289154 0.9000000029802325 -0.8181980252265932
			vertex -0.22499999403953552 0.749999997019768 -0.8897114396095278
		endloop
	endfacet
	facet normal 0.6087615734489952 0 0.7933532294582935
		outer loop
			vertex -0.3181980550289154 0.9000000029802325 -0.8181980252265932
			vertex -0.3181980550289154 0.7499999970197679 -0.8181980252265932
			vertex -0.22499999403953552 0.749999997019768 -0.8897114396095278
		endloop
	endfacet
	facet normal 0.7933531639498634 0 0.6087616588212016
		outer loop
			vertex -0.3181980550289154 0.9000000029802325 -0.8181980252265932
			vertex -0.3897114396095276 0.9000000029802325 -0.725000023841858
			vertex -0.3181980550289154 0.7499999970197679 -0.8181980252265932
		endloop
	endfacet
	facet normal 0.7933531639498634 0 0.6087616588212016
		outer loop
			vertex -0.3897114396095276 0.9000000029802325 -0.725000023841858
			vertex -0.3897114396095276 0.7499999970197679 -0.725000023841858
			vertex -0.3181980550289154 0.7499999970197679 -0.8181980252265932
		endloop
	endfacet
	facet normal 0.923879577417339 0 0.3826833239522717
		outer loop
			vertex -0.3897114396095276 0.9000000029802325 -0.725000023841858
			vertex -0.43466663360595703 0.9000000029802324 -0.6164685487747193
			vertex -0.3897114396095276 0.7499999970197679 -0.725000023841858
		endloop
	endfacet
	facet normal 0.923879577417339 0 0.38268332395227167
		outer loop
			vertex -0.43466663360595703 0.9000000029802324 -0.6164685487747193
			vertex -0.43466663360595703 0.7499999970197679 -0.6164685487747193
			vertex -0.3897114396095276 0.7499999970197679 -0.725000023841858
		endloop
	endfacet
	facet normal 0.991444884357097 0 0.1305260176445394
		outer loop
			vertex -0.43466663360595703 0.9000000029802324 -0.6164685487747193
			vertex -0.44999998807907104 0.9000000029802324 -0.5000000000000001
			vertex -0.43466663360595703 0.7499999970197679 -0.6164685487747193
		endloop
	endfacet
	facet normal 0.991444884357097 0 0.1305260176445394
		outer loop
			vertex -0.44999998807907104 0.9000000029802324 -0.5000000000000001
			vertex -0.44999998807907104 0.7499999970197679 -0.5000000000000001
			vertex -0.43466663360595703 0.7499999970197679 -0.6164685487747193
		endloop
	endfacet
	facet normal 0.9914448886792889 0 -0.1305259848141846
		outer loop
			vertex -0.44999998807907104 0.9000000029802324 -0.5000000000000001
			vertex -0.43466663360595703 0.9000000029802324 -0.3835314214229585
			vertex -0.44999998807907104 0.7499999970197679 -0.5000000000000001
		endloop
	endfacet
	facet normal 0.9914448886792889 0 -0.1305259848141846
		outer loop
			vertex -0.43466663360595703 0.9000000029802324 -0.3835314214229585
			vertex -0.43466663360595703 0.7499999970197679 -0.3835314214229585
			vertex -0.44999998807907104 0.7499999970197679 -0.5000000000000001
		endloop
	endfacet
	facet normal 0.9238795031121496 0 -0.38268350334087803
		outer loop
			vertex -0.43466663360595703 0.9000000029802324 -0.3835314214229585
			vertex -0.3897114396095276 0.9000000029802324 -0.27500000596046453
			vertex -0.43466663360595703 0.7499999970197679 -0.3835314214229585
		endloop
	endfacet
	facet normal 0.9238795031121496 0 -0.3826835033408781
		outer loop
			vertex -0.3897114396095276 0.9000000029802324 -0.27500000596046453
			vertex -0.3897114396095276 0.7499999970197678 -0.27500000596046453
			vertex -0.43466663360595703 0.7499999970197679 -0.3835314214229585
		endloop
	endfacet
	facet normal 0.7933533519829972 0 -0.6087614137717194
		outer loop
			vertex -0.3897114396095276 0.9000000029802324 -0.27500000596046453
			vertex -0.3181980550289154 0.9000000029802324 -0.1818019449710846
			vertex -0.3897114396095276 0.7499999970197678 -0.27500000596046453
		endloop
	endfacet
	facet normal 0.7933533519829971 2.252869704054749e-16 -0.6087614137717197
		outer loop
			vertex -0.3181980550289154 0.9000000029802324 -0.1818019449710846
			vertex -0.3181980550289154 0.7499999970197678 -0.18180194497108465
			vertex -0.3897114396095276 0.7499999970197678 -0.27500000596046453
		endloop
	endfacet
	facet normal 0.6087613738523892 2.461153998751172e-16 -0.7933533826141739
		outer loop
			vertex -0.3181980550289154 0.9000000029802324 -0.1818019449710846
			vertex -0.22499999403953552 0.9000000029802323 -0.11028856784105302
			vertex -0.3181980550289154 0.7499999970197678 -0.18180194497108465
		endloop
	endfacet
	facet normal 0.6087613738523893 1.4679985950711553e-16 -0.7933533826141738
		outer loop
			vertex -0.22499999403953552 0.9000000029802323 -0.11028856784105302
			vertex -0.22499999403953552 0.7499999970197678 -0.11028856784105305
			vertex -0.3181980550289154 0.7499999970197678 -0.18180194497108465
		endloop
	endfacet
	facet normal 0.38268342678198186 1.4766925663847128e-16 -0.9238795348238857
		outer loop
			vertex -0.22499999403953552 0.9000000029802323 -0.11028856784105302
			vertex -0.11646857112646103 0.9000000029802323 -0.06533338129520416
			vertex -0.22499999403953552 0.7499999970197678 -0.11028856784105305
		endloop
	endfacet
	facet normal 0.38268342678198186 1.7095204846388545e-16 -0.9238795348238857
		outer loop
			vertex -0.11646857112646103 0.9000000029802323 -0.06533338129520416
			vertex -0.11646857112646103 0.7499999970197678 -0.06533338129520419
			vertex -0.22499999403953552 0.7499999970197678 -0.11028856784105305
		endloop
	endfacet
	facet normal 0.13052621122196356 1.845865570047879e-16 -0.991444858872161
		outer loop
			vertex -0.11646857112646103 0.9000000029802323 -0.06533338129520416
			vertex 2.7554552528805052e-17 0.9000000029802323 -0.05000000074505806
			vertex -0.11646857112646103 0.7499999970197678 -0.06533338129520419
		endloop
	endfacet
	facet normal 0.13052621122196356 1.8345414437120595e-16 -0.991444858872161
		outer loop
			vertex 2.7554552528805052e-17 0.9000000029802323 -0.05000000074505806
			vertex 2.7554552528805052e-17 0.7499999970197678 -0.05000000074505809
			vertex -0.11646857112646103 0.7499999970197678 -0.06533338129520419
		endloop
	endfacet
	facet normal -0.13052621122196362 1.84586557004788e-16 -0.9914448588721612
		outer loop
			vertex 2.7554552528805052e-17 0.9000000029802323 -0.05000000074505806
			vertex 0.11646857112646103 0.9000000029802323 -0.06533338129520416
			vertex 2.7554552528805052e-17 0.7499999970197678 -0.05000000074505809
		endloop
	endfacet
	facet normal -0.13052621122196362 1.8345414437120595e-16 -0.9914448588721612
		outer loop
			vertex 0.11646857112646103 0.9000000029802323 -0.06533338129520416
			vertex 0.11646857112646103 0.7499999970197678 -0.06533338129520419
			vertex 2.7554552528805052e-17 0.7499999970197678 -0.05000000074505809
		endloop
	endfacet
	facet normal -0.38268342678198186 1.9689234218462838e-16 -0.9238795348238857
		outer loop
			vertex 0.11646857112646103 0.9000000029802323 -0.06533338129520416
			vertex 0.22499999403953552 0.9000000029802323 -0.11028856784105302
			vertex 0.11646857112646103 0.7499999970197678 -0.06533338129520419
		endloop
	endfacet
	facet normal -0.38268342678198186 1.7095204846388545e-16 -0.9238795348238857
		outer loop
			vertex 0.22499999403953552 0.9000000029802323 -0.11028856784105302
			vertex 0.22499999403953552 0.7499999970197678 -0.11028856784105305
			vertex 0.11646857112646103 0.7499999970197678 -0.06533338129520419
		endloop
	endfacet
	facet normal -0.608761373852389 1.4766923992507042e-16 -0.7933533826141739
		outer loop
			vertex 0.22499999403953552 0.9000000029802323 -0.11028856784105302
			vertex 0.3181980550289154 0.9000000029802324 -0.1818019449710846
			vertex 0.22499999403953552 0.7499999970197678 -0.11028856784105305
		endloop
	endfacet
	facet normal -0.6087613738523894 2.9359971901423086e-16 -0.7933533826141739
		outer loop
			vertex 0.3181980550289154 0.9000000029802324 -0.1818019449710846
			vertex 0.3181980550289154 0.7499999970197678 -0.18180194497108465
			vertex 0.22499999403953552 0.7499999970197678 -0.11028856784105305
		endloop
	endfacet
	facet normal -0.7933533519829972 2.4611539037266266e-16 -0.6087614137717194
		outer loop
			vertex 0.3181980550289154 0.9000000029802324 -0.1818019449710846
			vertex 0.3897114396095276 0.9000000029802324 -0.27500000596046453
			vertex 0.3181980550289154 0.7499999970197678 -0.18180194497108465
		endloop
	endfacet
	facet normal -0.7933533519829971 0 -0.6087614137717197
		outer loop
			vertex 0.3897114396095276 0.9000000029802324 -0.27500000596046453
			vertex 0.3897114396095276 0.7499999970197678 -0.27500000596046453
			vertex 0.3181980550289154 0.7499999970197678 -0.18180194497108465
		endloop
	endfacet
	facet normal -0.9238795031121496 0 -0.3826835033408781
		outer loop
			vertex 0.3897114396095276 0.9000000029802324 -0.27500000596046453
			vertex 0.43466663360595703 0.9000000029802324 -0.3835314214229585
			vertex 0.3897114396095276 0.7499999970197678 -0.27500000596046453
		endloop
	endfacet
	facet normal -0.9238795031121496 0 -0.38268350334087803
		outer loop
			vertex 0.43466663360595703 0.9000000029802324 -0.3835314214229585
			vertex 0.43466663360595703 0.7499999970197679 -0.3835314214229585
			vertex 0.3897114396095276 0.7499999970197678 -0.27500000596046453
		endloop
	endfacet
	facet normal -0.9914448886792889 0 -0.1305259848141846
		outer loop
			vertex 0.43466663360595703 0.9000000029802324 -0.3835314214229585
			vertex 0.44999998807907104 0.9000000029802324 -0.5000000000000001
			vertex 0.43466663360595703 0.7499999970197679 -0.3835314214229585
		endloop
	endfacet
	facet normal -0.9914448886792889 0 -0.1305259848141846
		outer loop
			vertex 0.44999998807907104 0.9000000029802324 -0.5000000000000001
			vertex 0.44999998807907104 0.7499999970197679 -0.5000000000000001
			vertex 0.43466663360595703 0.7499999970197679 -0.3835314214229585
		endloop
	endfacet
	facet normal 0 0 0
		outer loop
			vertex 0.44999998807907104 0.9000000029802324 -0.5000000000000001
			vertex 0.44999998807907104 0.9000000029802324 -0.5000000000000001
			vertex 0.44999998807907104 0.7499999970197679 -0.5000000000000001
		endloop
	endfacet
	facet normal 0 0 0
		outer loop
			vertex 0.44999998807907104 0.9000000029802324 -0.5000000000000001
			vertex 0.44999998807907104 0.7499999970197679 -0.5000000000000001
			vertex 0.44999998807907104 0.7499999970197679 -0.5000000000000001
		endloop
	endfacet
	facet normal -0.9238797785690601 0 0.3826828383285364
		outer loop
			vertex 1.1159111261367798 0.9000000029802327 -1.831058263778687
			vertex 1.1039230823516846 0.9000000029802327 -1.8600000143051152
			vertex 1.1159111261367798 0.7499999970197682 -1.831058263778687
		endloop
	endfacet
	facet normal -0.9238797785690601 0 0.3826828383285364
		outer loop
			vertex 1.1039230823516846 0.9000000029802327 -1.8600000143051152
			vertex 1.1039230823516846 0.7499999970197683 -1.8600000143051152
			vertex 1.1159111261367798 0.7499999970197682 -1.831058263778687
		endloop
	endfacet
	facet normal -0.7933521097492054 0 0.6087630326789603
		outer loop
			vertex 1.1039230823516846 0.9000000029802327 -1.8600000143051152
			vertex 1.0848528146743774 0.9000000029802327 -1.884852766990662
			vertex 1.1039230823516846 0.7499999970197683 -1.8600000143051152
		endloop
	endfacet
	facet normal -0.7933521097492054 0 0.6087630326789603
		outer loop
			vertex 1.0848528146743774 0.9000000029802327 -1.884852766990662
			vertex 1.0848528146743774 0.7499999970197683 -1.884852766990662
			vertex 1.1039230823516846 0.7499999970197683 -1.8600000143051152
		endloop
	endfacet
	facet normal -0.6087611948084455 0 0.7933535199993719
		outer loop
			vertex 1.0848528146743774 0.9000000029802327 -1.884852766990662
			vertex 1.059999942779541 0.9000000029802327 -1.9039230346679692
			vertex 1.0848528146743774 0.7499999970197683 -1.884852766990662
		endloop
	endfacet
	facet normal -0.6087611948084455 0 0.7933535199993719
		outer loop
			vertex 1.059999942779541 0.9000000029802327 -1.9039230346679692
			vertex 1.059999942779541 0.7499999970197683 -1.9039230346679692
			vertex 1.0848528146743774 0.7499999970197683 -1.884852766990662
		endloop
	endfacet
	facet normal -0.3826841837446029 0 0.9238792212793442
		outer loop
			vertex 1.059999942779541 0.9000000029802327 -1.9039230346679692
			vertex 1.0310583114624023 0.9000000029802327 -1.9159110784530644
			vertex 1.059999942779541 0.7499999970197683 -1.9039230346679692
		endloop
	endfacet
	facet normal -0.3826841837446029 0 0.9238792212793442
		outer loop
			vertex 1.0310583114624023 0.9000000029802327 -1.9159110784530644
			vertex 1.0310583114624023 0.7499999970197683 -1.9159110784530644
			vertex 1.059999942779541 0.7499999970197683 -1.9039230346679692
		endloop
	endfacet
	facet normal -0.13052538758024507 0 0.9914449673063186
		outer loop
			vertex 1.0310583114624023 0.9000000029802327 -1.9159110784530644
			vertex 1 0.9000000029802327 -1.9199999570846562
			vertex 1.0310583114624023 0.7499999970197683 -1.9159110784530644
		endloop
	endfacet
	facet normal -0.13052538758024507 0 0.9914449673063186
		outer loop
			vertex 1 0.9000000029802327 -1.9199999570846562
			vertex 1 0.7499999970197683 -1.9199999570846562
			vertex 1.0310583114624023 0.7499999970197683 -1.9159110784530644
		endloop
	endfacet
	facet normal 0.13052538758024507 0 0.9914449673063186
		outer loop
			vertex 1 0.9000000029802327 -1.9199999570846562
			vertex 0.9689416885375977 0.9000000029802327 -1.9159110784530644
			vertex 1 0.7499999970197683 -1.9199999570846562
		endloop
	endfacet
	facet normal 0.13052538758024507 0 0.9914449673063186
		outer loop
			vertex 0.9689416885375977 0.9000000029802327 -1.9159110784530644
			vertex 0.9689416885375977 0.7499999970197683 -1.9159110784530644
			vertex 1 0.7499999970197683 -1.9199999570846562
		endloop
	endfacet
	facet normal 0.3826835110354886 0 0.9238794999249369
		outer loop
			vertex 0.9689416885375977 0.9000000029802327 -1.9159110784530644
			vertex 0.9399999976158142 0.9000000029802327 -1.9039230346679692
			vertex 0.9689416885375977 0.7499999970197683 -1.9159110784530644
		endloop
	endfacet
	facet normal 0.3826835110354886 0 0.9238794999249369
		outer loop
			vertex 0.9399999976158142 0.9000000029802327 -1.9039230346679692
			vertex 0.9399999976158142 0.7499999970197683 -1.9039230346679692
			vertex 0.9689416885375977 0.7499999970197683 -1.9159110784530644
		endloop
	endfacet
	facet normal 0.6087621137427242 0 0.7933528148758854
		outer loop
			vertex 0.9399999976158142 0.9000000029802327 -1.9039230346679692
			vertex 0.9151471853256226 0.9000000029802327 -1.884852766990662
			vertex 0.9399999976158142 0.7499999970197683 -1.9039230346679692
		endloop
	endfacet
	facet normal 0.6087621137427242 0 0.7933528148758854
		outer loop
			vertex 0.9151471853256226 0.9000000029802327 -1.884852766990662
			vertex 0.9151471853256226 0.7499999970197683 -1.884852766990662
			vertex 0.9399999976158142 0.7499999970197683 -1.9039230346679692
		endloop
	endfacet
	facet normal 0.793353028686581 0 0.6087618350995974
		outer loop
			vertex 0.9151471853256226 0.9000000029802327 -1.884852766990662
			vertex 0.8960769772529602 0.9000000029802327 -1.8600000143051152
			vertex 0.9151471853256226 0.7499999970197683 -1.884852766990662
		endloop
	endfacet
	facet normal 0.793353028686581 0 0.6087618350995974
		outer loop
			vertex 0.8960769772529602 0.9000000029802327 -1.8600000143051152
			vertex 0.8960769772529602 0.7499999970197683 -1.8600000143051152
			vertex 0.9151471853256226 0.7499999970197683 -1.884852766990662
		endloop
	endfacet
	facet normal 0.9238791058622513 0 0.38268446238535353
		outer loop
			vertex 0.8960769772529602 0.9000000029802327 -1.8600000143051152
			vertex 0.8840888738632202 0.9000000029802327 -1.831058263778687
			vertex 0.8960769772529602 0.7499999970197683 -1.8600000143051152
		endloop
	endfacet
	facet normal 0.9238791058622514 0 0.38268446238535353
		outer loop
			vertex 0.8840888738632202 0.9000000029802327 -1.831058263778687
			vertex 0.8840888738632202 0.7499999970197682 -1.831058263778687
			vertex 0.8960769772529602 0.7499999970197683 -1.8600000143051152
		endloop
	endfacet
	facet normal 0.9914449673063185 0 0.13052538758024504
		outer loop
			vertex 0.8840888738632202 0.9000000029802327 -1.831058263778687
			vertex 0.8799999952316284 0.9000000029802327 -1.7999999523162846
			vertex 0.8840888738632202 0.7499999970197682 -1.831058263778687
		endloop
	endfacet
	facet normal 0.9914449673063185 0 0.13052538758024504
		outer loop
			vertex 0.8799999952316284 0.9000000029802327 -1.7999999523162846
			vertex 0.8799999952316284 0.7499999970197682 -1.7999999523162846
			vertex 0.8840888738632202 0.7499999970197682 -1.831058263778687
		endloop
	endfacet
	facet normal 0.9914449024737374 0 -0.13052588003473312
		outer loop
			vertex 0.8799999952316284 0.9000000029802327 -1.7999999523162846
			vertex 0.8840888738632202 0.9000000029802327 -1.7689417600631718
			vertex 0.8799999952316284 0.7499999970197682 -1.7999999523162846
		endloop
	endfacet
	facet normal 0.9914449024737374 0 -0.13052588003473312
		outer loop
			vertex 0.8840888738632202 0.9000000029802327 -1.7689417600631718
			vertex 0.8840888738632202 0.7499999970197682 -1.7689417600631718
			vertex 0.8799999952316284 0.7499999970197682 -1.7999999523162846
		endloop
	endfacet
	facet normal 0.9238791058622514 0 -0.38268446238535353
		outer loop
			vertex 0.8840888738632202 0.9000000029802327 -1.7689417600631718
			vertex 0.8960769772529602 0.9000000029802327 -1.7400000095367436
			vertex 0.8840888738632202 0.7499999970197682 -1.7689417600631718
		endloop
	endfacet
	facet normal 0.9238791058622514 0 -0.38268446238535353
		outer loop
			vertex 0.8960769772529602 0.9000000029802327 -1.7400000095367436
			vertex 0.8960769772529602 0.7499999970197682 -1.7400000095367436
			vertex 0.8840888738632202 0.7499999970197682 -1.7689417600631718
		endloop
	endfacet
	facet normal 0.7933544389328322 0 -0.6087599972284405
		outer loop
			vertex 0.8960769772529602 0.9000000029802327 -1.7400000095367436
			vertex 0.9151471853256226 0.9000000029802326 -1.7151471376419072
			vertex 0.8960769772529602 0.7499999970197682 -1.7400000095367436
		endloop
	endfacet
	facet normal 0.7933544389328323 0 -0.6087599972284405
		outer loop
			vertex 0.9151471853256226 0.9000000029802326 -1.7151471376419072
			vertex 0.9151471853256226 0.7499999970197682 -1.7151471376419072
			vertex 0.8960769772529602 0.7499999970197682 -1.7400000095367436
		endloop
	endfacet
	facet normal 0.6087597185791948 0 -0.7933546527470421
		outer loop
			vertex 0.9151471853256226 0.9000000029802326 -1.7151471376419072
			vertex 0.9399999976158142 0.9000000029802326 -1.6960769891738896
			vertex 0.9151471853256226 0.7499999970197682 -1.7151471376419072
		endloop
	endfacet
	facet normal 0.6087597185791948 0 -0.7933546527470421
		outer loop
			vertex 0.9399999976158142 0.9000000029802326 -1.6960769891738896
			vertex 0.9399999976158142 0.7499999970197682 -1.6960769891738896
			vertex 0.9151471853256226 0.7499999970197682 -1.7151471376419072
		endloop
	endfacet
	facet normal 0.3826835110354886 0 -0.9238794999249369
		outer loop
			vertex 0.9399999976158142 0.9000000029802326 -1.6960769891738896
			vertex 0.9689416885375977 0.9000000029802326 -1.6840889453887944
			vertex 0.9399999976158142 0.7499999970197682 -1.6960769891738896
		endloop
	endfacet
	facet normal 0.3826835110354886 0 -0.9238794999249369
		outer loop
			vertex 0.9689416885375977 0.9000000029802326 -1.6840889453887944
			vertex 0.9689416885375977 0.7499999970197682 -1.6840889453887944
			vertex 0.9399999976158142 0.7499999970197682 -1.6960769891738896
		endloop
	endfacet
	facet normal 0.1305291281501296 0 -0.9914444748468607
		outer loop
			vertex 0.9689416885375977 0.9000000029802326 -1.6840889453887944
			vertex 1 0.9000000029802326 -1.679999947547913
			vertex 0.9689416885375977 0.7499999970197682 -1.6840889453887944
		endloop
	endfacet
	facet normal 0.1305291281501296 0 -0.9914444748468607
		outer loop
			vertex 1 0.9000000029802326 -1.679999947547913
			vertex 1 0.7499999970197682 -1.679999947547913
			vertex 0.9689416885375977 0.7499999970197682 -1.6840889453887944
		endloop
	endfacet
	facet normal -0.1305291281501296 0 -0.9914444748468607
		outer loop
			vertex 1 0.9000000029802326 -1.679999947547913
			vertex 1.0310583114624023 0.9000000029802326 -1.6840889453887944
			vertex 1 0.7499999970197682 -1.679999947547913
		endloop
	endfacet
	facet normal -0.1305291281501296 0 -0.9914444748468607
		outer loop
			vertex 1.0310583114624023 0.9000000029802326 -1.6840889453887944
			vertex 1.0310583114624023 0.7499999970197682 -1.6840889453887944
			vertex 1 0.7499999970197682 -1.679999947547913
		endloop
	endfacet
	facet normal -0.3826841837446029 0 -0.9238792212793442
		outer loop
			vertex 1.0310583114624023 0.9000000029802326 -1.6840889453887944
			vertex 1.059999942779541 0.9000000029802326 -1.6960769891738896
			vertex 1.0310583114624023 0.7499999970197682 -1.6840889453887944
		endloop
	endfacet
	facet normal -0.3826841837446029 0 -0.9238792212793442
		outer loop
			vertex 1.059999942779541 0.9000000029802326 -1.6960769891738896
			vertex 1.059999942779541 0.7499999970197682 -1.6960769891738896
			vertex 1.0310583114624023 0.7499999970197682 -1.6840889453887944
		endloop
	endfacet
	facet normal -0.6087587996442742 0 -0.7933553578666137
		outer loop
			vertex 1.059999942779541 0.9000000029802326 -1.6960769891738896
			vertex 1.0848528146743774 0.9000000029802326 -1.7151471376419072
			vertex 1.059999942779541 0.7499999970197682 -1.6960769891738896
		endloop
	endfacet
	facet normal -0.6087587996442742 0 -0.7933553578666137
		outer loop
			vertex 1.0848528146743774 0.9000000029802326 -1.7151471376419072
			vertex 1.0848528146743774 0.7499999970197682 -1.7151471376419072
			vertex 1.059999942779541 0.7499999970197682 -1.6960769891738896
		endloop
	endfacet
	facet normal -0.7933535199993719 0 -0.6087611948084455
		outer loop
			vertex 1.0848528146743774 0.9000000029802326 -1.7151471376419072
			vertex 1.1039230823516846 0.9000000029802327 -1.7400000095367436
			vertex 1.0848528146743774 0.7499999970197682 -1.7151471376419072
		endloop
	endfacet
	facet normal -0.7933535199993721 0 -0.6087611948084456
		outer loop
			vertex 1.1039230823516846 0.9000000029802327 -1.7400000095367436
			vertex 1.1039230823516846 0.7499999970197682 -1.7400000095367436
			vertex 1.0848528146743774 0.7499999970197682 -1.7151471376419072
		endloop
	endfacet
	facet normal -0.9238797785690601 0 -0.3826828383285364
		outer loop
			vertex 1.1039230823516846 0.9000000029802327 -1.7400000095367436
			vertex 1.1159111261367798 0.9000000029802327 -1.7689417600631718
			vertex 1.1039230823516846 0.7499999970197682 -1.7400000095367436
		endloop
	endfacet
	facet normal -0.9238797785690601 0 -0.3826828383285364
		outer loop
			vertex 1.1159111261367798 0.9000000029802327 -1.7689417600631718
			vertex 1.1159111261367798 0.7499999970197682 -1.7689417600631718
			vertex 1.1039230823516846 0.7499999970197682 -1.7400000095367436
		endloop
	endfacet
	facet normal -0.9914449024737374 0 -0.13052588003473312
		outer loop
			vertex 1.1159111261367798 0.9000000029802327 -1.7689417600631718
			vertex 1.1200000047683716 0.9000000029802327 -1.7999999523162846
			vertex 1.1159111261367798 0.7499999970197682 -1.7689417600631718
		endloop
	endfacet
	facet normal -0.9914449024737374 0 -0.13052588003473312
		outer loop
			vertex 1.1200000047683716 0.9000000029802327 -1.7999999523162846
			vertex 1.1200000047683716 0.7499999970197682 -1.7999999523162846
			vertex 1.1159111261367798 0.7499999970197682 -1.7689417600631718
		endloop
	endfacet
	facet normal -0.9914449673063185 0 0.13052538758024504
		outer loop
			vertex 1.1200000047683716 0.9000000029802327 -1.7999999523162846
			vertex 1.1159111261367798 0.9000000029802327 -1.831058263778687
			vertex 1.1200000047683716 0.7499999970197682 -1.7999999523162846
		endloop
	endfacet
	facet normal -0.9914449673063185 0 0.13052538758024504
		outer loop
			vertex 1.1159111261367798 0.9000000029802327 -1.831058263778687
			vertex 1.1159111261367798 0.7499999970197682 -1.831058263778687
			vertex 1.1200000047683716 0.7499999970197682 -1.7999999523162846
		endloop
	endfacet
	facet normal -0.9238794164956033 0 0.38268371245160654
		outer loop
			vertex -0.5585185289382935 0.900000002980232 1.5352952480316167
			vertex -0.5834936499595642 0.900000002980232 1.4750000238418581
			vertex -0.5585185289382935 0.7499999970197675 1.5352952480316167
		endloop
	endfacet
	facet normal -0.9238794164956033 0 0.38268371245160654
		outer loop
			vertex -0.5834936499595642 0.900000002980232 1.4750000238418581
			vertex -0.5834936499595642 0.7499999970197675 1.4750000238418581
			vertex -0.5585185289382935 0.7499999970197675 1.5352952480316167
		endloop
	endfacet
	facet normal -0.7933537525534974 0 0.6087608917377039
		outer loop
			vertex -0.5834936499595642 0.900000002980232 1.4750000238418581
			vertex -0.6232233047485352 0.900000002980232 1.4232232570648196
			vertex -0.5834936499595642 0.7499999970197675 1.4750000238418581
		endloop
	endfacet
	facet normal -0.7933537525534974 0 0.6087608917377039
		outer loop
			vertex -0.6232233047485352 0.900000002980232 1.4232232570648196
			vertex -0.6232233047485352 0.7499999970197675 1.4232232570648196
			vertex -0.5834936499595642 0.7499999970197675 1.4750000238418581
		endloop
	endfacet
	facet normal -0.6087607579875094 0 0.7933538551834693
		outer loop
			vertex -0.6232233047485352 0.900000002980232 1.4232232570648196
			vertex -0.675000011920929 0.900000002980232 1.3834936618804934
			vertex -0.6232233047485352 0.7499999970197675 1.4232232570648196
		endloop
	endfacet
	facet normal -0.6087607579875094 0 0.7933538551834693
		outer loop
			vertex -0.675000011920929 0.900000002980232 1.3834936618804934
			vertex -0.675000011920929 0.7499999970197675 1.3834936618804934
			vertex -0.6232233047485352 0.7499999970197675 1.4232232570648196
		endloop
	endfacet
	facet normal -0.3826829329028359 0 0.923879739395168
		outer loop
			vertex -0.675000011920929 0.900000002980232 1.3834936618804934
			vertex -0.7352952361106873 0.900000002980232 1.3585186004638674
			vertex -0.675000011920929 0.7499999970197675 1.3834936618804934
		endloop
	endfacet
	facet normal -0.3826829329028359 0 0.923879739395168
		outer loop
			vertex -0.7352952361106873 0.900000002980232 1.3585186004638674
			vertex -0.7352952361106873 0.7499999970197675 1.3585186004638674
			vertex -0.675000011920929 0.7499999970197675 1.3834936618804934
		endloop
	endfacet
	facet normal -0.1305266633563826 0 0.9914447993474219
		outer loop
			vertex -0.7352952361106873 0.900000002980232 1.3585186004638674
			vertex -0.800000011920929 0.900000002980232 1.3500000238418581
			vertex -0.7352952361106873 0.7499999970197675 1.3585186004638674
		endloop
	endfacet
	facet normal -0.1305266633563826 0 0.9914447993474219
		outer loop
			vertex -0.800000011920929 0.900000002980232 1.3500000238418581
			vertex -0.800000011920929 0.7499999970197675 1.3500000238418581
			vertex -0.7352952361106873 0.7499999970197675 1.3585186004638674
		endloop
	endfacet
	facet normal 0.1305266633563826 0 0.9914447993474219
		outer loop
			vertex -0.800000011920929 0.900000002980232 1.3500000238418581
			vertex -0.8647047877311707 0.900000002980232 1.3585186004638674
			vertex -0.800000011920929 0.7499999970197675 1.3500000238418581
		endloop
	endfacet
	facet normal 0.1305266633563826 0 0.9914447993474219
		outer loop
			vertex -0.8647047877311707 0.900000002980232 1.3585186004638674
			vertex -0.8647047877311707 0.7499999970197675 1.3585186004638674
			vertex -0.800000011920929 0.7499999970197675 1.3500000238418581
		endloop
	endfacet
	facet normal 0.3826829329028359 0 0.923879739395168
		outer loop
			vertex -0.8647047877311707 0.900000002980232 1.3585186004638674
			vertex -0.925000011920929 0.900000002980232 1.3834936618804934
			vertex -0.8647047877311707 0.7499999970197675 1.3585186004638674
		endloop
	endfacet
	facet normal 0.3826829329028359 0 0.923879739395168
		outer loop
			vertex -0.925000011920929 0.900000002980232 1.3834936618804934
			vertex -0.925000011920929 0.7499999970197675 1.3834936618804934
			vertex -0.8647047877311707 0.7499999970197675 1.3585186004638674
		endloop
	endfacet
	facet normal 0.6087607579875094 0 0.7933538551834693
		outer loop
			vertex -0.925000011920929 0.900000002980232 1.3834936618804934
			vertex -0.9767767190933228 0.900000002980232 1.4232232570648196
			vertex -0.925000011920929 0.7499999970197675 1.3834936618804934
		endloop
	endfacet
	facet normal 0.6087607579875094 0 0.7933538551834693
		outer loop
			vertex -0.9767767190933228 0.900000002980232 1.4232232570648196
			vertex -0.9767767190933228 0.7499999970197675 1.4232232570648196
			vertex -0.925000011920929 0.7499999970197675 1.3834936618804934
		endloop
	endfacet
	facet normal 0.7933541936419802 0 0.6087603168987639
		outer loop
			vertex -0.9767767190933228 0.900000002980232 1.4232232570648196
			vertex -1.016506314277649 0.900000002980232 1.4750000238418581
			vertex -0.9767767190933228 0.7499999970197675 1.4232232570648196
		endloop
	endfacet
	facet normal 0.7933541936419802 0 0.6087603168987639
		outer loop
			vertex -1.016506314277649 0.900000002980232 1.4750000238418581
			vertex -1.016506314277649 0.7499999970197675 1.4750000238418581
			vertex -0.9767767190933228 0.7499999970197675 1.4232232570648196
		endloop
	endfacet
	facet normal 0.9238790935956058 0 0.38268449199956084
		outer loop
			vertex -1.016506314277649 0.900000002980232 1.4750000238418581
			vertex -1.0414814949035645 0.900000002980232 1.5352952480316167
			vertex -1.016506314277649 0.7499999970197675 1.4750000238418581
		endloop
	endfacet
	facet normal 0.9238790935956058 0 0.38268449199956084
		outer loop
			vertex -1.0414814949035645 0.900000002980232 1.5352952480316167
			vertex -1.0414814949035645 0.7499999970197675 1.5352952480316167
			vertex -1.016506314277649 0.7499999970197675 1.4750000238418581
		endloop
	endfacet
	facet normal 0.9914450357254982 0 0.13052486788066806
		outer loop
			vertex -1.0414814949035645 0.900000002980232 1.5352952480316167
			vertex -1.0499999523162842 0.900000002980232 1.6000000238418584
			vertex -1.0414814949035645 0.7499999970197675 1.5352952480316167
		endloop
	endfacet
	facet normal 0.9914450357254982 0 0.13052486788066806
		outer loop
			vertex -1.0499999523162842 0.900000002980232 1.6000000238418584
			vertex -1.0499999523162842 0.7499999970197675 1.6000000238418584
			vertex -1.0414814949035645 0.7499999970197675 1.5352952480316167
		endloop
	endfacet
	facet normal 0.9914450357254982 0 -0.13052486788066806
		outer loop
			vertex -1.0499999523162842 0.900000002980232 1.6000000238418584
			vertex -1.0414814949035645 0.900000002980232 1.6647047996521
			vertex -1.0499999523162842 0.7499999970197675 1.6000000238418584
		endloop
	endfacet
	facet normal 0.9914450357254982 0 -0.13052486788066806
		outer loop
			vertex -1.0414814949035645 0.900000002980232 1.6647047996521
			vertex -1.0414814949035645 0.7499999970197675 1.6647047996521
			vertex -1.0499999523162842 0.7499999970197675 1.6000000238418584
		endloop
	endfacet
	facet normal 0.9238790935956053 0 -0.382684491999562
		outer loop
			vertex -1.0414814949035645 0.900000002980232 1.6647047996521
			vertex -1.016506314277649 0.900000002980232 1.7250000238418584
			vertex -1.0414814949035645 0.7499999970197675 1.6647047996521
		endloop
	endfacet
	facet normal 0.9238790935956053 0 -0.382684491999562
		outer loop
			vertex -1.016506314277649 0.900000002980232 1.7250000238418584
			vertex -1.016506314277649 0.7499999970197674 1.7250000238418584
			vertex -1.0414814949035645 0.7499999970197675 1.6647047996521
		endloop
	endfacet
	facet normal 0.7933535167242227 0 -0.608761199076706
		outer loop
			vertex -1.016506314277649 0.900000002980232 1.7250000238418584
			vertex -0.9767767190933228 0.900000002980232 1.7767766714096074
			vertex -1.016506314277649 0.7499999970197674 1.7250000238418584
		endloop
	endfacet
	facet normal 0.7933535167242227 0 -0.608761199076706
		outer loop
			vertex -0.9767767190933228 0.900000002980232 1.7767766714096074
			vertex -0.9767767190933228 0.7499999970197674 1.7767766714096074
			vertex -1.016506314277649 0.7499999970197674 1.7250000238418584
		endloop
	endfacet
	facet normal 0.6087619076642826 0 -0.7933529730056751
		outer loop
			vertex -0.9767767190933228 0.900000002980232 1.7767766714096074
			vertex -0.925000011920929 0.900000002980232 1.816506385803223
			vertex -0.9767767190933228 0.7499999970197674 1.7767766714096074
		endloop
	endfacet
	facet normal 0.6087619076642826 0 -0.7933529730056751
		outer loop
			vertex -0.925000011920929 0.900000002980232 1.816506385803223
			vertex -0.925000011920929 0.7499999970197674 1.816506385803223
			vertex -0.9767767190933228 0.7499999970197674 1.7767766714096074
		endloop
	endfacet
	facet normal 0.3826829329028359 0 -0.923879739395168
		outer loop
			vertex -0.925000011920929 0.900000002980232 1.816506385803223
			vertex -0.8647047877311707 0.900000002980232 1.841481447219849
			vertex -0.925000011920929 0.7499999970197674 1.816506385803223
		endloop
	endfacet
	facet normal 0.3826829329028359 0 -0.923879739395168
		outer loop
			vertex -0.8647047877311707 0.900000002980232 1.841481447219849
			vertex -0.8647047877311707 0.7499999970197674 1.841481447219849
			vertex -0.925000011920929 0.7499999970197674 1.816506385803223
		endloop
	endfacet
	facet normal 0.1305266633563826 0 -0.9914447993474219
		outer loop
			vertex -0.8647047877311707 0.900000002980232 1.841481447219849
			vertex -0.800000011920929 0.9000000029802319 1.8500000238418584
			vertex -0.8647047877311707 0.7499999970197674 1.841481447219849
		endloop
	endfacet
	facet normal 0.1305266633563826 0 -0.9914447993474219
		outer loop
			vertex -0.800000011920929 0.9000000029802319 1.8500000238418584
			vertex -0.800000011920929 0.7499999970197674 1.8500000238418584
			vertex -0.8647047877311707 0.7499999970197674 1.841481447219849
		endloop
	endfacet
	facet normal -0.1305266633563826 0 -0.9914447993474219
		outer loop
			vertex -0.800000011920929 0.9000000029802319 1.8500000238418584
			vertex -0.7352952361106873 0.900000002980232 1.841481447219849
			vertex -0.800000011920929 0.7499999970197674 1.8500000238418584
		endloop
	endfacet
	facet normal -0.1305266633563826 0 -0.9914447993474219
		outer loop
			vertex -0.7352952361106873 0.900000002980232 1.841481447219849
			vertex -0.7352952361106873 0.7499999970197674 1.841481447219849
			vertex -0.800000011920929 0.7499999970197674 1.8500000238418584
		endloop
	endfacet
	facet normal -0.3826829329028359 0 -0.923879739395168
		outer loop
			vertex -0.7352952361106873 0.900000002980232 1.841481447219849
			vertex -0.675000011920929 0.900000002980232 1.816506385803223
			vertex -0.7352952361106873 0.7499999970197674 1.841481447219849
		endloop
	endfacet
	facet normal -0.3826829329028359 0 -0.923879739395168
		outer loop
			vertex -0.675000011920929 0.900000002980232 1.816506385803223
			vertex -0.675000011920929 0.7499999970197674 1.816506385803223
			vertex -0.7352952361106873 0.7499999970197674 1.841481447219849
		endloop
	endfacet
	facet normal -0.6087619076642826 0 -0.7933529730056751
		outer loop
			vertex -0.675000011920929 0.900000002980232 1.816506385803223
			vertex -0.6232233047485352 0.900000002980232 1.7767766714096074
			vertex -0.675000011920929 0.7499999970197674 1.816506385803223
		endloop
	endfacet
	facet normal -0.6087619076642826 0 -0.7933529730056751
		outer loop
			vertex -0.6232233047485352 0.900000002980232 1.7767766714096074
			vertex -0.6232233047485352 0.7499999970197674 1.7767766714096074
			vertex -0.675000011920929 0.7499999970197674 1.816506385803223
		endloop
	endfacet
	facet normal -0.7933530756348376 0 -0.608761773915498
		outer loop
			vertex -0.6232233047485352 0.900000002980232 1.7767766714096074
			vertex -0.5834936499595642 0.900000002980232 1.7250000238418584
			vertex -0.6232233047485352 0.7499999970197674 1.7767766714096074
		endloop
	endfacet
	facet normal -0.7933530756348376 0 -0.608761773915498
		outer loop
			vertex -0.5834936499595642 0.900000002980232 1.7250000238418584
			vertex -0.5834936499595642 0.7499999970197674 1.7250000238418584
			vertex -0.6232233047485352 0.7499999970197674 1.7767766714096074
		endloop
	endfacet
	facet normal -0.9238794164956028 0 -0.38268371245160765
		outer loop
			vertex -0.5834936499595642 0.900000002980232 1.7250000238418584
			vertex -0.5585185289382935 0.900000002980232 1.6647047996521
			vertex -0.5834936499595642 0.7499999970197674 1.7250000238418584
		endloop
	endfacet
	facet normal -0.9238794164956027 0 -0.38268371245160765
		outer loop
			vertex -0.5585185289382935 0.900000002980232 1.6647047996521
			vertex -0.5585185289382935 0.7499999970197675 1.6647047996521
			vertex -0.5834936499595642 0.7499999970197674 1.7250000238418584
		endloop
	endfacet
	facet normal -0.9914449175368523 0 -0.13052576561868584
		outer loop
			vertex -0.5585185289382935 0.900000002980232 1.6647047996521
			vertex -0.550000011920929 0.900000002980232 1.6000000238418584
			vertex -0.5585185289382935 0.7499999970197675 1.6647047996521
		endloop
	endfacet
	facet normal -0.9914449175368523 0 -0.13052576561868584
		outer loop
			vertex -0.550000011920929 0.900000002980232 1.6000000238418584
			vertex -0.550000011920929 0.7499999970197675 1.6000000238418584
			vertex -0.5585185289382935 0.7499999970197675 1.6647047996521
		endloop
	endfacet
	facet normal -0.9914449175368523 0 0.13052576561868584
		outer loop
			vertex -0.550000011920929 0.900000002980232 1.6000000238418584
			vertex -0.5585185289382935 0.900000002980232 1.5352952480316167
			vertex -0.550000011920929 0.7499999970197675 1.6000000238418584
		endloop
	endfacet
	facet normal -0.9914449175368523 0 0.13052576561868584
		outer loop
			vertex -0.5585185289382935 0.900000002980232 1.5352952480316167
			vertex -0.5585185289382935 0.7499999970197675 1.5352952480316167
			vertex -0.550000011920929 0.7499999970197675 1.6000000238418584
		endloop
	endfacet
	facet normal -0.9238790935956058 0 0.38268449199956084
		outer loop
			vertex 1.0414814949035645 0.900000002980232 1.5352952480316167
			vertex 1.016506314277649 0.900000002980232 1.4750000238418581
			vertex 1.0414814949035645 0.7499999970197675 1.5352952480316167
		endloop
	endfacet
	facet normal -0.9238790935956058 0 0.38268449199956084
		outer loop
			vertex 1.016506314277649 0.900000002980232 1.4750000238418581
			vertex 1.016506314277649 0.7499999970197675 1.4750000238418581
			vertex 1.0414814949035645 0.7499999970197675 1.5352952480316167
		endloop
	endfacet
	facet normal -0.7933541936419802 0 0.6087603168987639
		outer loop
			vertex 1.016506314277649 0.900000002980232 1.4750000238418581
			vertex 0.9767767190933228 0.900000002980232 1.4232232570648196
			vertex 1.016506314277649 0.7499999970197675 1.4750000238418581
		endloop
	endfacet
	facet normal -0.7933541936419802 0 0.6087603168987639
		outer loop
			vertex 0.9767767190933228 0.900000002980232 1.4232232570648196
			vertex 0.9767767190933228 0.7499999970197675 1.4232232570648196
			vertex 1.016506314277649 0.7499999970197675 1.4750000238418581
		endloop
	endfacet
	facet normal -0.6087607579875094 0 0.7933538551834693
		outer loop
			vertex 0.9767767190933228 0.900000002980232 1.4232232570648196
			vertex 0.925000011920929 0.900000002980232 1.3834936618804934
			vertex 0.9767767190933228 0.7499999970197675 1.4232232570648196
		endloop
	endfacet
	facet normal -0.6087607579875094 0 0.7933538551834693
		outer loop
			vertex 0.925000011920929 0.900000002980232 1.3834936618804934
			vertex 0.925000011920929 0.7499999970197675 1.3834936618804934
			vertex 0.9767767190933228 0.7499999970197675 1.4232232570648196
		endloop
	endfacet
	facet normal -0.3826829329028359 0 0.923879739395168
		outer loop
			vertex 0.925000011920929 0.900000002980232 1.3834936618804934
			vertex 0.8647047877311707 0.900000002980232 1.3585186004638674
			vertex 0.925000011920929 0.7499999970197675 1.3834936618804934
		endloop
	endfacet
	facet normal -0.3826829329028359 0 0.923879739395168
		outer loop
			vertex 0.8647047877311707 0.900000002980232 1.3585186004638674
			vertex 0.8647047877311707 0.7499999970197675 1.3585186004638674
			vertex 0.925000011920929 0.7499999970197675 1.3834936618804934
		endloop
	endfacet
	facet normal -0.1305266633563826 0 0.9914447993474219
		outer loop
			vertex 0.8647047877311707 0.900000002980232 1.3585186004638674
			vertex 0.800000011920929 0.900000002980232 1.3500000238418581
			vertex 0.8647047877311707 0.7499999970197675 1.3585186004638674
		endloop
	endfacet
	facet normal -0.1305266633563826 0 0.9914447993474219
		outer loop
			vertex 0.800000011920929 0.900000002980232 1.3500000238418581
			vertex 0.800000011920929 0.7499999970197675 1.3500000238418581
			vertex 0.8647047877311707 0.7499999970197675 1.3585186004638674
		endloop
	endfacet
	facet normal 0.1305266633563826 0 0.9914447993474219
		outer loop
			vertex 0.800000011920929 0.900000002980232 1.3500000238418581
			vertex 0.7352952361106873 0.900000002980232 1.3585186004638674
			vertex 0.800000011920929 0.7499999970197675 1.3500000238418581
		endloop
	endfacet
	facet normal 0.1305266633563826 0 0.9914447993474219
		outer loop
			vertex 0.7352952361106873 0.900000002980232 1.3585186004638674
			vertex 0.7352952361106873 0.7499999970197675 1.3585186004638674
			vertex 0.800000011920929 0.7499999970197675 1.3500000238418581
		endloop
	endfacet
	facet normal 0.3826829329028359 0 0.923879739395168
		outer loop
			vertex 0.7352952361106873 0.900000002980232 1.3585186004638674
			vertex 0.675000011920929 0.900000002980232 1.3834936618804934
			vertex 0.7352952361106873 0.7499999970197675 1.3585186004638674
		endloop
	endfacet
	facet normal 0.3826829329028359 0 0.923879739395168
		outer loop
			vertex 0.675000011920929 0.900000002980232 1.3834936618804934
			vertex 0.675000011920929 0.7499999970197675 1.3834936618804934
			vertex 0.7352952361106873 0.7499999970197675 1.3585186004638674
		endloop
	endfacet
	facet normal 0.6087607579875094 0 0.7933538551834693
		outer loop
			vertex 0.675000011920929 0.900000002980232 1.3834936618804934
			vertex 0.6232233047485352 0.900000002980232 1.4232232570648196
			vertex 0.675000011920929 0.7499999970197675 1.3834936618804934
		endloop
	endfacet
	facet normal 0.6087607579875094 0 0.7933538551834693
		outer loop
			vertex 0.6232233047485352 0.900000002980232 1.4232232570648196
			vertex 0.6232233047485352 0.7499999970197675 1.4232232570648196
			vertex 0.675000011920929 0.7499999970197675 1.3834936618804934
		endloop
	endfacet
	facet normal 0.7933537525534974 0 0.6087608917377039
		outer loop
			vertex 0.6232233047485352 0.900000002980232 1.4232232570648196
			vertex 0.5834936499595642 0.900000002980232 1.4750000238418581
			vertex 0.6232233047485352 0.7499999970197675 1.4232232570648196
		endloop
	endfacet
	facet normal 0.7933537525534974 0 0.6087608917377039
		outer loop
			vertex 0.5834936499595642 0.900000002980232 1.4750000238418581
			vertex 0.5834936499595642 0.7499999970197675 1.4750000238418581
			vertex 0.6232233047485352 0.7499999970197675 1.4232232570648196
		endloop
	endfacet
	facet normal 0.9238794164956033 0 0.38268371245160654
		outer loop
			vertex 0.5834936499595642 0.900000002980232 1.4750000238418581
			vertex 0.5585185289382935 0.900000002980232 1.5352952480316167
			vertex 0.5834936499595642 0.7499999970197675 1.4750000238418581
		endloop
	endfacet
	facet normal 0.9238794164956033 0 0.38268371245160654
		outer loop
			vertex 0.5585185289382935 0.900000002980232 1.5352952480316167
			vertex 0.5585185289382935 0.7499999970197675 1.5352952480316167
			vertex 0.5834936499595642 0.7499999970197675 1.4750000238418581
		endloop
	endfacet
	facet normal 0.9914449175368523 0 0.13052576561868584
		outer loop
			vertex 0.5585185289382935 0.900000002980232 1.5352952480316167
			vertex 0.550000011920929 0.900000002980232 1.6000000238418584
			vertex 0.5585185289382935 0.7499999970197675 1.5352952480316167
		endloop
	endfacet
	facet normal 0.9914449175368523 0 0.13052576561868584
		outer loop
			vertex 0.550000011920929 0.900000002980232 1.6000000238418584
			vertex 0.550000011920929 0.7499999970197675 1.6000000238418584
			vertex 0.5585185289382935 0.7499999970197675 1.5352952480316167
		endloop
	endfacet
	facet normal 0.9914449175368523 0 -0.13052576561868584
		outer loop
			vertex 0.550000011920929 0.900000002980232 1.6000000238418584
			vertex 0.5585185289382935 0.900000002980232 1.6647047996521
			vertex 0.550000011920929 0.7499999970197675 1.6000000238418584
		endloop
	endfacet
	facet normal 0.9914449175368523 0 -0.13052576561868584
		outer loop
			vertex 0.5585185289382935 0.900000002980232 1.6647047996521
			vertex 0.5585185289382935 0.7499999970197675 1.6647047996521
			vertex 0.550000011920929 0.7499999970197675 1.6000000238418584
		endloop
	endfacet
	facet normal 0.9238794164956027 0 -0.38268371245160765
		outer loop
			vertex 0.5585185289382935 0.900000002980232 1.6647047996521
			vertex 0.5834936499595642 0.900000002980232 1.7250000238418584
			vertex 0.5585185289382935 0.7499999970197675 1.6647047996521
		endloop
	endfacet
	facet normal 0.9238794164956028 0 -0.38268371245160765
		outer loop
			vertex 0.5834936499595642 0.900000002980232 1.7250000238418584
			vertex 0.5834936499595642 0.7499999970197674 1.7250000238418584
			vertex 0.5585185289382935 0.7499999970197675 1.6647047996521
		endloop
	endfacet
	facet normal 0.7933530756348376 0 -0.608761773915498
		outer loop
			vertex 0.5834936499595642 0.900000002980232 1.7250000238418584
			vertex 0.6232233047485352 0.900000002980232 1.7767766714096074
			vertex 0.5834936499595642 0.7499999970197674 1.7250000238418584
		endloop
	endfacet
	facet normal 0.7933530756348376 0 -0.608761773915498
		outer loop
			vertex 0.6232233047485352 0.900000002980232 1.7767766714096074
			vertex 0.6232233047485352 0.7499999970197674 1.7767766714096074
			vertex 0.5834936499595642 0.7499999970197674 1.7250000238418584
		endloop
	endfacet
	facet normal 0.6087619076642826 0 -0.7933529730056751
		outer loop
			vertex 0.6232233047485352 0.900000002980232 1.7767766714096074
			vertex 0.675000011920929 0.900000002980232 1.816506385803223
			vertex 0.6232233047485352 0.7499999970197674 1.7767766714096074
		endloop
	endfacet
	facet normal 0.6087619076642826 0 -0.7933529730056751
		outer loop
			vertex 0.675000011920929 0.900000002980232 1.816506385803223
			vertex 0.675000011920929 0.7499999970197674 1.816506385803223
			vertex 0.6232233047485352 0.7499999970197674 1.7767766714096074
		endloop
	endfacet
	facet normal 0.3826829329028359 0 -0.923879739395168
		outer loop
			vertex 0.675000011920929 0.900000002980232 1.816506385803223
			vertex 0.7352952361106873 0.900000002980232 1.841481447219849
			vertex 0.675000011920929 0.7499999970197674 1.816506385803223
		endloop
	endfacet
	facet normal 0.3826829329028359 0 -0.923879739395168
		outer loop
			vertex 0.7352952361106873 0.900000002980232 1.841481447219849
			vertex 0.7352952361106873 0.7499999970197674 1.841481447219849
			vertex 0.675000011920929 0.7499999970197674 1.816506385803223
		endloop
	endfacet
	facet normal 0.1305266633563826 0 -0.9914447993474219
		outer loop
			vertex 0.7352952361106873 0.900000002980232 1.841481447219849
			vertex 0.800000011920929 0.9000000029802319 1.8500000238418584
			vertex 0.7352952361106873 0.7499999970197674 1.841481447219849
		endloop
	endfacet
	facet normal 0.1305266633563826 0 -0.9914447993474219
		outer loop
			vertex 0.800000011920929 0.9000000029802319 1.8500000238418584
			vertex 0.800000011920929 0.7499999970197674 1.8500000238418584
			vertex 0.7352952361106873 0.7499999970197674 1.841481447219849
		endloop
	endfacet
	facet normal -0.1305266633563826 0 -0.9914447993474219
		outer loop
			vertex 0.800000011920929 0.9000000029802319 1.8500000238418584
			vertex 0.8647047877311707 0.900000002980232 1.841481447219849
			vertex 0.800000011920929 0.7499999970197674 1.8500000238418584
		endloop
	endfacet
	facet normal -0.1305266633563826 0 -0.9914447993474219
		outer loop
			vertex 0.8647047877311707 0.900000002980232 1.841481447219849
			vertex 0.8647047877311707 0.7499999970197674 1.841481447219849
			vertex 0.800000011920929 0.7499999970197674 1.8500000238418584
		endloop
	endfacet
	facet normal -0.3826829329028359 0 -0.923879739395168
		outer loop
			vertex 0.8647047877311707 0.900000002980232 1.841481447219849
			vertex 0.925000011920929 0.900000002980232 1.816506385803223
			vertex 0.8647047877311707 0.7499999970197674 1.841481447219849
		endloop
	endfacet
	facet normal -0.3826829329028359 0 -0.923879739395168
		outer loop
			vertex 0.925000011920929 0.900000002980232 1.816506385803223
			vertex 0.925000011920929 0.7499999970197674 1.816506385803223
			vertex 0.8647047877311707 0.7499999970197674 1.841481447219849
		endloop
	endfacet
	facet normal -0.6087619076642826 0 -0.7933529730056751
		outer loop
			vertex 0.925000011920929 0.900000002980232 1.816506385803223
			vertex 0.9767767190933228 0.900000002980232 1.7767766714096074
			vertex 0.925000011920929 0.7499999970197674 1.816506385803223
		endloop
	endfacet
	facet normal -0.6087619076642826 0 -0.7933529730056751
		outer loop
			vertex 0.9767767190933228 0.900000002980232 1.7767766714096074
			vertex 0.9767767190933228 0.7499999970197674 1.7767766714096074
			vertex 0.925000011920929 0.7499999970197674 1.816506385803223
		endloop
	endfacet
	facet normal -0.7933535167242227 0 -0.608761199076706
		outer loop
			vertex 0.9767767190933228 0.900000002980232 1.7767766714096074
			vertex 1.016506314277649 0.900000002980232 1.7250000238418584
			vertex 0.9767767190933228 0.7499999970197674 1.7767766714096074
		endloop
	endfacet
	facet normal -0.7933535167242227 0 -0.608761199076706
		outer loop
			vertex 1.016506314277649 0.900000002980232 1.7250000238418584
			vertex 1.016506314277649 0.7499999970197674 1.7250000238418584
			vertex 0.9767767190933228 0.7499999970197674 1.7767766714096074
		endloop
	endfacet
	facet normal -0.9238790935956053 0 -0.382684491999562
		outer loop
			vertex 1.016506314277649 0.900000002980232 1.7250000238418584
			vertex 1.0414814949035645 0.900000002980232 1.6647047996521
			vertex 1.016506314277649 0.7499999970197674 1.7250000238418584
		endloop
	endfacet
	facet normal -0.9238790935956053 0 -0.382684491999562
		outer loop
			vertex 1.0414814949035645 0.900000002980232 1.6647047996521
			vertex 1.0414814949035645 0.7499999970197675 1.6647047996521
			vertex 1.016506314277649 0.7499999970197674 1.7250000238418584
		endloop
	endfacet
	facet normal -0.9914450357254982 0 -0.13052486788066806
		outer loop
			vertex 1.0414814949035645 0.900000002980232 1.6647047996521
			vertex 1.0499999523162842 0.900000002980232 1.6000000238418584
			vertex 1.0414814949035645 0.7499999970197675 1.6647047996521
		endloop
	endfacet
	facet normal -0.9914450357254982 0 -0.13052486788066806
		outer loop
			vertex 1.0499999523162842 0.900000002980232 1.6000000238418584
			vertex 1.0499999523162842 0.7499999970197675 1.6000000238418584
			vertex 1.0414814949035645 0.7499999970197675 1.6647047996521
		endloop
	endfacet
	facet normal -0.9914450357254982 0 0.13052486788066806
		outer loop
			vertex 1.0499999523162842 0.900000002980232 1.6000000238418584
			vertex 1.0414814949035645 0.900000002980232 1.5352952480316167
			vertex 1.0499999523162842 0.7499999970197675 1.6000000238418584
		endloop
	endfacet
	facet normal -0.9914450357254982 0 0.13052486788066806
		outer loop
			vertex 1.0414814949035645 0.900000002980232 1.5352952480316167
			vertex 1.0414814949035645 0.7499999970197675 1.5352952480316167
			vertex 1.0499999523162842 0.7499999970197675 1.6000000238418584
		endloop
	endfacet
	facet normal 0 1 2.255140485165637e-16
		outer loop
			vertex 2.0999999046325684 -0.749999997019767 -3.2000000476837167
			vertex -2.0999999046325684 -0.749999997019767 -3.2000000476837167
			vertex -2.0999999046325684 -0.7499999970197685 3.2000000476837167
		endloop
	endfacet
	facet normal 0 1 2.255140485165637e-16
		outer loop
			vertex -2.0999999046325684 -0.7499999970197685 3.2000000476837167
			vertex 2.0999999046325684 -0.7499999970197685 3.2000000476837167
			vertex 2.0999999046325684 -0.749999997019767 -3.2000000476837167
		endloop
	endfacet
	facet normal 0 -1 -2.255140485165637e-16
		outer loop
			vertex -2.0999999046325684 -0.9000000029802331 3.2000000476837167
			vertex -2.0999999046325684 -0.9000000029802316 -3.2000000476837167
			vertex 2.0999999046325684 -0.9000000029802316 -3.2000000476837167
		endloop
	endfacet
	facet normal 0 -1 -2.255140485165637e-16
		outer loop
			vertex 2.0999999046325684 -0.9000000029802316 -3.2000000476837167
			vertex 2.0999999046325684 -0.9000000029802331 3.2000000476837167
			vertex -2.0999999046325684 -0.9000000029802331 3.2000000476837167
		endloop
	endfacet
	facet normal 1 0 0
		outer loop
			vertex 2.0999999046325684 -0.749999997019767 -3.2000000476837167
			vertex 2.0999999046325684 -0.7499999970197685 3.2000000476837167
			vertex 2.0999999046325684 -0.9000000029802316 -3.2000000476837167
		endloop
	endfacet
	facet normal 1 0 0
		outer loop
			vertex 2.0999999046325684 -0.7499999970197685 3.2000000476837167
			vertex 2.0999999046325684 -0.9000000029802331 3.2000000476837167
			vertex 2.0999999046325684 -0.9000000029802316 -3.2000000476837167
		endloop
	endfacet
	facet normal 0 0 1
		outer loop
			vertex 2.0999999046325684 -0.7499999970197685 3.2000000476837167
			vertex -2.0999999046325684 -0.7499999970197685 3.2000000476837167
			vertex 2.0999999046325684 -0.9000000029802331 3.2000000476837167
		endloop
	endfacet
	facet normal 0 0 1
		outer loop
			vertex -2.0999999046325684 -0.7499999970197685 3.2000000476837167
			vertex -2.0999999046325684 -0.9000000029802331 3.2000000476837167
			vertex 2.0999999046325684 -0.9000000029802331 3.2000000476837167
		endloop
	endfacet
	facet normal -1 0 0
		outer loop
			vertex -2.0999999046325684 -0.7499999970197685 3.2000000476837167
			vertex -2.0999999046325684 -0.749999997019767 -3.2000000476837167
			vertex -2.0999999046325684 -0.9000000029802331 3.2000000476837167
		endloop
	endfacet
	facet normal -1 0 0
		outer loop
			vertex -2.0999999046325684 -0.749999997019767 -3.2000000476837167
			vertex -2.0999999046325684 -0.9000000029802316 -3.2000000476837167
			vertex -2.0999999046325684 -0.9000000029802331 3.2000000476837167
		endloop
	endfacet
	facet normal 0 0 -1
		outer loop
			vertex -2.0999999046325684 -0.749999997019767 -3.2000000476837167
			vertex 2.0999999046325684 -0.749999997019767 -3.2000000476837167
			vertex -2.0999999046325684 -0.9000000029802316 -3.2000000476837167
		endloop
	endfacet
	facet normal 0 0 -1
		outer loop
			vertex 2.0999999046325684 -0.749999997019767 -3.2000000476837167
			vertex 2.0999999046325684 -0.9000000029802316 -3.2000000476837167
			vertex -2.0999999046325684 -0.9000000029802316 -3.2000000476837167
		endloop
	endfacet
	facet normal -1 0 2.1840453284899459e-16
		outer loop
			vertex -2.100000002980233 -0.75 -3.049999952316285
			vertex -2.1000000029802317 -0.75 3.049999952316285
			vertex -2.1000000029802317 0.75 3.049999952316285
		endloop
	endfacet
	facet normal -1 0 2.1840453284899459e-16
		outer loop
			vertex -2.1000000029802317 0.75 3.049999952316285
			vertex -2.100000002980233 0.75 -3.049999952316285
			vertex -2.100000002980233 -0.75 -3.049999952316285
		endloop
	endfacet
	facet normal 1 0 -2.1840453284899459e-16
		outer loop
			vertex -1.949999997019767 0.75 3.049999952316285
			vertex -1.949999997019767 -0.75 3.049999952316285
			vertex -1.9499999970197683 -0.75 -3.049999952316285
		endloop
	endfacet
	facet normal 1 0 -2.1840453284899459e-16
		outer loop
			vertex -1.9499999970197683 -0.75 -3.049999952316285
			vertex -1.9499999970197683 0.75 -3.049999952316285
			vertex -1.949999997019767 0.75 3.049999952316285
		endloop
	endfacet
	facet normal 0 0 -1
		outer loop
			vertex -2.100000002980233 -0.75 -3.049999952316285
			vertex -2.100000002980233 0.75 -3.049999952316285
			vertex -1.9499999970197683 -0.75 -3.049999952316285
		endloop
	endfacet
	facet normal 0 0 -1
		outer loop
			vertex -2.100000002980233 0.75 -3.049999952316285
			vertex -1.9499999970197683 0.75 -3.049999952316285
			vertex -1.9499999970197683 -0.75 -3.049999952316285
		endloop
	endfacet
	facet normal 0 1 0
		outer loop
			vertex -2.100000002980233 0.75 -3.049999952316285
			vertex -2.1000000029802317 0.75 3.049999952316285
			vertex -1.9499999970197683 0.75 -3.049999952316285
		endloop
	endfacet
	facet normal 0 1 0
		outer loop
			vertex -2.1000000029802317 0.75 3.049999952316285
			vertex -1.949999997019767 0.75 3.049999952316285
			vertex -1.9499999970197683 0.75 -3.049999952316285
		endloop
	endfacet
	facet normal 0 0 1
		outer loop
			vertex -2.1000000029802317 0.75 3.049999952316285
			vertex -2.1000000029802317 -0.75 3.049999952316285
			vertex -1.949999997019767 0.75 3.049999952316285
		endloop
	endfacet
	facet normal 0 0 1
		outer loop
			vertex -2.1000000029802317 -0.75 3.049999952316285
			vertex -1.949999997019767 -0.75 3.049999952316285
			vertex -1.949999997019767 0.75 3.049999952316285
		endloop
	endfacet
	facet normal 0 -1 0
		outer loop
			vertex -2.1000000029802317 -0.75 3.049999952316285
			vertex -2.100000002980233 -0.75 -3.049999952316285
			vertex -1.949999997019767 -0.75 3.049999952316285
		endloop
	endfacet
	facet normal 0 -1 0
		outer loop
			vertex -2.100000002980233 -0.75 -3.049999952316285
			vertex -1.9499999970197683 -0.75 -3.049999952316285
			vertex -1.949999997019767 -0.75 3.049999952316285
		endloop
	endfacet
	facet normal -1 2.163368009608311e-17 1.6432405293135566e-16
		outer loop
			vertex 1.9499999970197681 0.10352762043476105 1.5863703489303593
			vertex 1.9499999970197681 4.8985870794684264e-17 1.6000000238418584
			vertex 1.9499999970197683 -0.75 3.049999952316285
		endloop
	endfacet
	facet normal -1 -1.8875182574534388e-17 1.4337119189574979e-16
		outer loop
			vertex 1.9499999970197683 -0.75 3.049999952316285
			vertex 1.9499999970197681 4.8985870794684264e-17 1.6000000238418584
			vertex 1.9499999970197681 -0.10352762043476105 1.5863703489303593
		endloop
	endfacet
	facet normal -1 0 1.5170819475867296e-16
		outer loop
			vertex 1.9499999970197681 0.10352762043476105 1.5863703489303593
			vertex 1.9499999970197683 -0.75 3.049999952316285
			vertex 1.9499999970197683 0.75 3.049999952316285
		endloop
	endfacet
	facet normal -1 -5.3120860221382886e-17 1.282451759508914e-16
		outer loop
			vertex 1.9499999970197683 -0.75 3.049999952316285
			vertex 1.9499999970197681 -0.10352762043476105 1.5863703489303593
			vertex 1.9499999970197681 -0.20000000298023224 1.546410202980042
		endloop
	endfacet
	facet normal -1 5.3120860221382886e-17 1.282451759508914e-16
		outer loop
			vertex 1.9499999970197681 0.20000000298023224 1.546410202980042
			vertex 1.9499999970197681 0.10352762043476105 1.5863703489303593
			vertex 1.9499999970197683 0.75 3.049999952316285
		endloop
	endfacet
	facet normal -1 2.0044003496049494e-15 8.808684628362606e-16
		outer loop
			vertex 1.9499999970197683 -0.75 3.049999952316285
			vertex 1.9499999970197681 -0.20000000298023224 1.546410202980042
			vertex 1.949999997019768 -0.2828427255153656 1.4828426837921145
		endloop
	endfacet
	facet normal -1 -2.0044003496049494e-15 8.808684628362606e-16
		outer loop
			vertex 1.949999997019768 0.2828427255153656 1.4828426837921145
			vertex 1.9499999970197681 0.20000000298023224 1.546410202980042
			vertex 1.9499999970197683 0.75 3.049999952316285
		endloop
	endfacet
	facet normal -1 -2.659727991749667e-16 2.0408805697059062e-16
		outer loop
			vertex 1.9499999970197683 -0.75 3.049999952316285
			vertex 1.949999997019768 -0.2828427255153656 1.4828426837921145
			vertex 1.949999997019768 -0.3464101552963257 1.3999999761581423
		endloop
	endfacet
	facet normal -1 2.659727991749667e-16 2.0408805697059062e-16
		outer loop
			vertex 1.949999997019768 0.3464101552963257 1.3999999761581423
			vertex 1.949999997019768 0.2828427255153656 1.4828426837921145
			vertex 1.9499999970197683 0.75 3.049999952316285
		endloop
	endfacet
	facet normal -1 -4.085298244833705e-16 1.6921862149362788e-16
		outer loop
			vertex 1.9499999970197683 -0.75 3.049999952316285
			vertex 1.949999997019768 -0.3464101552963257 1.3999999761581423
			vertex 1.949999997019768 -0.38637033104896545 1.3035275936126711
		endloop
	endfacet
	facet normal -1 4.085298244833705e-16 1.6921862149362788e-16
		outer loop
			vertex 1.949999997019768 0.38637033104896545 1.3035275936126711
			vertex 1.949999997019768 0.3464101552963257 1.3999999761581423
			vertex 1.9499999970197683 0.75 3.049999952316285
		endloop
	endfacet
	facet normal -1 -7.481824559927573e-16 9.850019681395853e-17
		outer loop
			vertex 1.9499999970197683 -0.75 3.049999952316285
			vertex 1.949999997019768 -0.38637033104896545 1.3035275936126711
			vertex 1.949999997019768 -0.4000000059604645 1.200000047683716
		endloop
	endfacet
	facet normal -1 7.481824559927573e-16 9.850019681395853e-17
		outer loop
			vertex 1.949999997019768 0.4000000059604645 1.200000047683716
			vertex 1.949999997019768 0.38637033104896545 1.3035275936126711
			vertex 1.9499999970197683 0.75 3.049999952316285
		endloop
	endfacet
	facet normal -1 -4.172088606764203e-15 -5.49265854071295e-16
		outer loop
			vertex 1.9499999970197683 -0.75 3.049999952316285
			vertex 1.949999997019768 -0.4000000059604645 1.200000047683716
			vertex 1.949999997019768 -0.38637033104896545 1.0964723825454714
		endloop
	endfacet
	facet normal -1 1.1440241597140986e-16 2.1840453284899459e-16
		outer loop
			vertex 1.949999997019768 0.4000000059604645 1.200000047683716
			vertex 1.9499999970197683 0.75 3.049999952316285
			vertex 1.949999997019767 0.75 -3.049999952316285
		endloop
	endfacet
	facet normal -1 -4.7933199776895875e-17 2.1840453284899459e-16
		outer loop
			vertex 1.949999997019767 -0.75 -3.049999952316285
			vertex 1.9499999970197683 -0.75 3.049999952316285
			vertex 1.949999997019768 -0.38637033104896545 1.0964723825454714
		endloop
	endfacet
	facet normal -1 -9.765320332407476e-16 1.2856287385563482e-16
		outer loop
			vertex 1.949999997019768 0.38637033104896545 1.0964723825454714
			vertex 1.949999997019768 0.4000000059604645 1.200000047683716
			vertex 1.949999997019767 0.75 -3.049999952316285
		endloop
	endfacet
	facet normal -1 4.2677186884323526e-16 1.7677472490347227e-16
		outer loop
			vertex 1.949999997019767 -0.75 -3.049999952316285
			vertex 1.949999997019768 -0.38637033104896545 1.0964723825454714
			vertex 1.949999997019768 -0.3464101552963257 1.0000000000000002
		endloop
	endfacet
	facet normal -1 0 2.142009756661592e-16
		outer loop
			vertex 1.949999997019768 0.38637033104896545 1.0964723825454714
			vertex 1.949999997019767 0.75 -3.049999952316285
			vertex 1.949999997019767 -0.75 -3.049999952316285
		endloop
	endfacet
	facet normal -1 2.5295124041899896e-16 1.9409626595482735e-16
		outer loop
			vertex 1.949999997019767 -0.75 -3.049999952316285
			vertex 1.949999997019768 -0.3464101552963257 1.0000000000000002
			vertex 1.949999997019768 -0.2828427255153656 0.917157292366028
		endloop
	endfacet
	facet normal -1 -1.5282986127912355e-15 6.330421158704995e-16
		outer loop
			vertex 1.949999997019768 0.3464101552963257 1.0000000000000002
			vertex 1.949999997019768 0.38637033104896545 1.0964723825454714
			vertex 1.949999997019767 -0.75 -3.049999952316285
		endloop
	endfacet
	facet normal -1 1.57555069053072e-16 2.0532975448652387e-16
		outer loop
			vertex 1.949999997019767 -0.75 -3.049999952316285
			vertex 1.949999997019768 -0.2828427255153656 0.917157292366028
			vertex 1.949999997019768 -0.20000000298023224 0.8535898327827456
		endloop
	endfacet
	facet normal -1 -4.4160224960588737e-16 3.3885324121666775e-16
		outer loop
			vertex 1.949999997019768 0.2828427255153656 0.917157292366028
			vertex 1.949999997019768 0.3464101552963257 1.0000000000000002
			vertex 1.949999997019767 -0.75 -3.049999952316285
		endloop
	endfacet
	facet normal -1 8.904843385249878e-17 2.1498206203686594e-16
		outer loop
			vertex 1.949999997019767 -0.75 -3.049999952316285
			vertex 1.949999997019768 -0.20000000298023224 0.8535898327827456
			vertex 1.949999997019768 -0.10352762043476105 0.8136296868324282
		endloop
	endfacet
	facet normal -1 -2.146780861157344e-16 2.797739163881323e-16
		outer loop
			vertex 1.949999997019768 0.20000000298023224 0.8535898327827456
			vertex 1.949999997019768 0.2828427255153656 0.917157292366028
			vertex 1.949999997019767 -0.75 -3.049999952316285
		endloop
	endfacet
	facet normal -1 2.9612223047549565e-17 2.249270806385668e-16
		outer loop
			vertex 1.949999997019767 -0.75 -3.049999952316285
			vertex 1.949999997019768 -0.10352762043476105 0.8136296868324282
			vertex 1.949999997019768 -9.797174158936853e-17 0.8000000119209292
		endloop
	endfacet
	facet normal -1 -1.0481088339535875e-16 2.530360036827021e-16
		outer loop
			vertex 1.949999997019768 0.10352762043476105 0.8136296868324282
			vertex 1.949999997019768 0.20000000298023224 0.8535898327827456
			vertex 1.949999997019767 -0.75 -3.049999952316285
		endloop
	endfacet
	facet normal -1 0 2.3069569557154444e-16
		outer loop
			vertex 1.949999997019767 -0.75 -3.049999952316285
			vertex 1.949999997019768 -9.797174158936853e-17 0.8000000119209292
			vertex 1.949999997019768 0 0.8000000119209292
		endloop
	endfacet
	facet normal -1 -3.117110886581617e-17 2.3676798956284944e-16
		outer loop
			vertex 1.949999997019768 0 0.8000000119209292
			vertex 1.949999997019768 0.10352762043476105 0.8136296868324282
			vertex 1.949999997019767 -0.75 -3.049999952316285
		endloop
	endfacet
	facet normal 1 -4.326736019216622e-17 -3.286481058627113e-16
		outer loop
			vertex 2.100000002980233 -0.75 3.049999952316285
			vertex 2.1000000029802326 4.8985870794684264e-17 1.6000000238418584
			vertex 2.1000000029802326 0.10352762043476105 1.5863703489303593
		endloop
	endfacet
	facet normal 1 3.7750365149068776e-17 -2.8674238379149957e-16
		outer loop
			vertex 2.1000000029802326 -0.10352762043476105 1.5863703489303593
			vertex 2.1000000029802326 4.8985870794684264e-17 1.6000000238418584
			vertex 2.100000002980233 -0.75 3.049999952316285
		endloop
	endfacet
	facet normal 1 0 -3.034163895173459e-16
		outer loop
			vertex 2.100000002980233 0.75 3.049999952316285
			vertex 2.100000002980233 -0.75 3.049999952316285
			vertex 2.1000000029802326 0.10352762043476105 1.5863703489303593
		endloop
	endfacet
	facet normal 1 1.0624172044276577e-16 -2.564903519017828e-16
		outer loop
			vertex 2.1000000029802326 -0.20000000298023224 1.546410202980042
			vertex 2.1000000029802326 -0.10352762043476105 1.5863703489303593
			vertex 2.100000002980233 -0.75 3.049999952316285
		endloop
	endfacet
	facet normal 1 -1.0624172044276577e-16 -2.564903519017828e-16
		outer loop
			vertex 2.100000002980233 0.75 3.049999952316285
			vertex 2.1000000029802326 0.10352762043476105 1.5863703489303593
			vertex 2.1000000029802326 0.20000000298023224 1.546410202980042
		endloop
	endfacet
	facet normal 1 1.769622093551681e-16 -2.3062141477433266e-16
		outer loop
			vertex 2.1000000029802326 -0.2828427255153656 1.4828426837921145
			vertex 2.1000000029802326 -0.20000000298023224 1.546410202980042
			vertex 2.100000002980233 -0.75 3.049999952316285
		endloop
	endfacet
	facet normal 1 -1.769622093551681e-16 -2.3062141477433266e-16
		outer loop
			vertex 2.100000002980233 0.75 3.049999952316285
			vertex 2.1000000029802326 0.20000000298023224 1.546410202980042
			vertex 2.1000000029802326 0.2828427255153656 1.4828426837921145
		endloop
	endfacet
	facet normal 1 2.659727991749667e-16 -2.0408805697059062e-16
		outer loop
			vertex 2.1000000029802326 -0.3464101552963257 1.3999999761581423
			vertex 2.1000000029802326 -0.2828427255153656 1.4828426837921145
			vertex 2.100000002980233 -0.75 3.049999952316285
		endloop
	endfacet
	facet normal 1 -2.659727991749667e-16 -2.0408805697059062e-16
		outer loop
			vertex 2.100000002980233 0.75 3.049999952316285
			vertex 2.1000000029802326 0.2828427255153656 1.4828426837921145
			vertex 2.1000000029802326 0.3464101552963257 1.3999999761581423
		endloop
	endfacet
	facet normal 1 4.085298244833705e-16 -1.6921862149362788e-16
		outer loop
			vertex 2.1000000029802326 -0.38637033104896545 1.3035275936126711
			vertex 2.1000000029802326 -0.3464101552963257 1.3999999761581423
			vertex 2.100000002980233 -0.75 3.049999952316285
		endloop
	endfacet
	facet normal 1 -4.085298244833705e-16 -1.6921862149362788e-16
		outer loop
			vertex 2.100000002980233 0.75 3.049999952316285
			vertex 2.1000000029802326 0.3464101552963257 1.3999999761581423
			vertex 2.1000000029802326 0.38637033104896545 1.3035275936126711
		endloop
	endfacet
	facet normal 1 7.481824559927573e-16 -9.850019681395853e-17
		outer loop
			vertex 2.1000000029802326 -0.4000000059604645 1.200000047683716
			vertex 2.1000000029802326 -0.38637033104896545 1.3035275936126711
			vertex 2.100000002980233 -0.75 3.049999952316285
		endloop
	endfacet
	facet normal 1 -7.481824559927573e-16 -9.850019681395853e-17
		outer loop
			vertex 2.100000002980233 0.75 3.049999952316285
			vertex 2.1000000029802326 0.38637033104896545 1.3035275936126711
			vertex 2.1000000029802326 0.4000000059604645 1.200000047683716
		endloop
	endfacet
	facet normal 1 4.172088606764203e-15 5.49265854071295e-16
		outer loop
			vertex 2.1000000029802326 -0.38637033104896545 1.0964723825454714
			vertex 2.1000000029802326 -0.4000000059604645 1.200000047683716
			vertex 2.100000002980233 -0.75 3.049999952316285
		endloop
	endfacet
	facet normal 1 -1.1440241597140986e-16 -2.1840453284899459e-16
		outer loop
			vertex 2.1000000029802317 0.75 -3.049999952316285
			vertex 2.100000002980233 0.75 3.049999952316285
			vertex 2.1000000029802326 0.4000000059604645 1.200000047683716
		endloop
	endfacet
	facet normal 1 4.7933199776895875e-17 -2.1840453284899459e-16
		outer loop
			vertex 2.1000000029802326 -0.38637033104896545 1.0964723825454714
			vertex 2.100000002980233 -0.75 3.049999952316285
			vertex 2.1000000029802317 -0.75 -3.049999952316285
		endloop
	endfacet
	facet normal 1 9.765320332407476e-16 -1.2856287385563482e-16
		outer loop
			vertex 2.1000000029802317 0.75 -3.049999952316285
			vertex 2.1000000029802326 0.4000000059604645 1.200000047683716
			vertex 2.1000000029802326 0.38637033104896545 1.0964723825454714
		endloop
	endfacet
	facet normal 1 -4.2677186884323526e-16 -1.7677472490347227e-16
		outer loop
			vertex 2.1000000029802326 -0.3464101552963257 1.0000000000000002
			vertex 2.1000000029802326 -0.38637033104896545 1.0964723825454714
			vertex 2.1000000029802317 -0.75 -3.049999952316285
		endloop
	endfacet
	facet normal 1 0 -2.142009756661592e-16
		outer loop
			vertex 2.1000000029802317 -0.75 -3.049999952316285
			vertex 2.1000000029802317 0.75 -3.049999952316285
			vertex 2.1000000029802326 0.38637033104896545 1.0964723825454714
		endloop
	endfacet
	facet normal 1 -2.5295124041899896e-16 -1.9409626595482735e-16
		outer loop
			vertex 2.1000000029802326 -0.2828427255153656 0.917157292366028
			vertex 2.1000000029802326 -0.3464101552963257 1.0000000000000002
			vertex 2.1000000029802317 -0.75 -3.049999952316285
		endloop
	endfacet
	facet normal 1 1.5282986127912355e-15 -6.330421158704995e-16
		outer loop
			vertex 2.1000000029802317 -0.75 -3.049999952316285
			vertex 2.1000000029802326 0.38637033104896545 1.0964723825454714
			vertex 2.1000000029802326 0.3464101552963257 1.0000000000000002
		endloop
	endfacet
	facet normal 1 4.758841918712478e-15 -7.842658730806689e-16
		outer loop
			vertex 2.100000002980232 -0.20000000298023224 0.8535898327827456
			vertex 2.1000000029802326 -0.2828427255153656 0.917157292366028
			vertex 2.1000000029802317 -0.75 -3.049999952316285
		endloop
	endfacet
	facet normal 1 4.4160224960588737e-16 -3.3885324121666775e-16
		outer loop
			vertex 2.1000000029802317 -0.75 -3.049999952316285
			vertex 2.1000000029802326 0.3464101552963257 1.0000000000000002
			vertex 2.1000000029802326 0.2828427255153656 0.917157292366028
		endloop
	endfacet
	facet normal 1 -4.452421692624939e-17 -1.0749103101843297e-16
		outer loop
			vertex 2.100000002980232 -0.10352762043476105 0.8136296868324282
			vertex 2.100000002980232 -0.20000000298023224 0.8535898327827456
			vertex 2.1000000029802317 -0.75 -3.049999952316285
		endloop
	endfacet
	facet normal 1 -6.484203151168653e-15 1.4642685624661716e-15
		outer loop
			vertex 2.1000000029802317 -0.75 -3.049999952316285
			vertex 2.1000000029802326 0.2828427255153656 0.917157292366028
			vertex 2.100000002980232 0.20000000298023224 0.8535898327827456
		endloop
	endfacet
	facet normal 1 -1.4806111523774782e-17 -1.124635403192834e-16
		outer loop
			vertex 2.100000002980232 -9.797174158936853e-17 0.8000000119209292
			vertex 2.100000002980232 -0.10352762043476105 0.8136296868324282
			vertex 2.1000000029802317 -0.75 -3.049999952316285
		endloop
	endfacet
	facet normal 1 5.2405441697679376e-17 -1.2651800184135106e-16
		outer loop
			vertex 2.1000000029802317 -0.75 -3.049999952316285
			vertex 2.100000002980232 0.20000000298023224 0.8535898327827456
			vertex 2.100000002980232 0.10352762043476105 0.8136296868324282
		endloop
	endfacet
	facet normal 1 0 -1.1534784778577222e-16
		outer loop
			vertex 2.100000002980232 0 0.8000000119209292
			vertex 2.100000002980232 -9.797174158936853e-17 0.8000000119209292
			vertex 2.1000000029802317 -0.75 -3.049999952316285
		endloop
	endfacet
	facet normal 1 1.5585554432908085e-17 -1.1838399478142472e-16
		outer loop
			vertex 2.1000000029802317 -0.75 -3.049999952316285
			vertex 2.100000002980232 0.10352762043476105 0.8136296868324282
			vertex 2.100000002980232 0 0.8000000119209292
		endloop
	endfacet
	facet normal 0 0 -1
		outer loop
			vertex 1.949999997019767 -0.75 -3.049999952316285
			vertex 1.949999997019767 0.75 -3.049999952316285
			vertex 2.1000000029802317 -0.75 -3.049999952316285
		endloop
	endfacet
	facet normal 0 0 -1
		outer loop
			vertex 1.949999997019767 0.75 -3.049999952316285
			vertex 2.1000000029802317 0.75 -3.049999952316285
			vertex 2.1000000029802317 -0.75 -3.049999952316285
		endloop
	endfacet
	facet normal 0 1 0
		outer loop
			vertex 1.949999997019767 0.75 -3.049999952316285
			vertex 1.9499999970197683 0.75 3.049999952316285
			vertex 2.1000000029802317 0.75 -3.049999952316285
		endloop
	endfacet
	facet normal 0 1 0
		outer loop
			vertex 1.9499999970197683 0.75 3.049999952316285
			vertex 2.100000002980233 0.75 3.049999952316285
			vertex 2.1000000029802317 0.75 -3.049999952316285
		endloop
	endfacet
	facet normal 0 0 1
		outer loop
			vertex 1.9499999970197683 0.75 3.049999952316285
			vertex 1.9499999970197683 -0.75 3.049999952316285
			vertex 2.100000002980233 0.75 3.049999952316285
		endloop
	endfacet
	facet normal 0 0 1
		outer loop
			vertex 1.9499999970197683 -0.75 3.049999952316285
			vertex 2.100000002980233 -0.75 3.049999952316285
			vertex 2.100000002980233 0.75 3.049999952316285
		endloop
	endfacet
	facet normal 0 -1 0
		outer loop
			vertex 1.9499999970197683 -0.75 3.049999952316285
			vertex 1.949999997019767 -0.75 -3.049999952316285
			vertex 2.100000002980233 -0.75 3.049999952316285
		endloop
	endfacet
	facet normal 0 -1 0
		outer loop
			vertex 1.949999997019767 -0.75 -3.049999952316285
			vertex 2.1000000029802317 -0.75 -3.049999952316285
			vertex 2.100000002980233 -0.75 3.049999952316285
		endloop
	endfacet
	facet normal 0 0.13052624034151747 0.9914448550384981
		outer loop
			vertex 1.949999997019768 -9.797174158936853e-17 0.8000000119209292
			vertex 1.949999997019768 -0.10352762043476105 0.8136296868324282
			vertex 2.100000002980232 -9.797174158936853e-17 0.8000000119209292
		endloop
	endfacet
	facet normal 0 0.13052624034151747 0.9914448550384981
		outer loop
			vertex 1.949999997019768 -0.10352762043476105 0.8136296868324282
			vertex 2.100000002980232 -0.10352762043476105 0.8136296868324282
			vertex 2.100000002980232 -9.797174158936853e-17 0.8000000119209292
		endloop
	endfacet
	facet normal 0 0.38268324195244824 0.9238796113827625
		outer loop
			vertex 1.949999997019768 -0.10352762043476105 0.8136296868324282
			vertex 1.949999997019768 -0.20000000298023224 0.8535898327827456
			vertex 2.100000002980232 -0.10352762043476105 0.8136296868324282
		endloop
	endfacet
	facet normal 0 0.38268324195244824 0.9238796113827625
		outer loop
			vertex 1.949999997019768 -0.20000000298023224 0.8535898327827456
			vertex 2.100000002980232 -0.20000000298023224 0.8535898327827456
			vertex 2.100000002980232 -0.10352762043476105 0.8136296868324282
		endloop
	endfacet
	facet normal 0 0.6087614460332516 0.7933533272278529
		outer loop
			vertex 1.949999997019768 -0.20000000298023224 0.8535898327827456
			vertex 1.949999997019768 -0.2828427255153656 0.917157292366028
			vertex 2.100000002980232 -0.20000000298023224 0.8535898327827456
		endloop
	endfacet
	facet normal 0 0.6087614460332514 0.7933533272278529
		outer loop
			vertex 1.949999997019768 -0.2828427255153656 0.917157292366028
			vertex 2.1000000029802326 -0.2828427255153656 0.917157292366028
			vertex 2.100000002980232 -0.20000000298023224 0.8535898327827456
		endloop
	endfacet
	facet normal 0 0.7933534121838706 0.6087613353164029
		outer loop
			vertex 1.949999997019768 -0.2828427255153656 0.917157292366028
			vertex 1.949999997019768 -0.3464101552963257 1.0000000000000002
			vertex 2.1000000029802326 -0.2828427255153656 0.917157292366028
		endloop
	endfacet
	facet normal 0 0.7933534121838706 0.6087613353164029
		outer loop
			vertex 1.949999997019768 -0.3464101552963257 1.0000000000000002
			vertex 2.1000000029802326 -0.3464101552963257 1.0000000000000002
			vertex 2.1000000029802326 -0.2828427255153656 0.917157292366028
		endloop
	endfacet
	facet normal 0 0.923879510476666 0.38268348556136567
		outer loop
			vertex 1.949999997019768 -0.3464101552963257 1.0000000000000002
			vertex 1.949999997019768 -0.38637033104896545 1.0964723825454714
			vertex 2.1000000029802326 -0.3464101552963257 1.0000000000000002
		endloop
	endfacet
	facet normal 0 0.923879510476666 0.38268348556136567
		outer loop
			vertex 1.949999997019768 -0.38637033104896545 1.0964723825454714
			vertex 2.1000000029802326 -0.38637033104896545 1.0964723825454714
			vertex 2.1000000029802326 -0.3464101552963257 1.0000000000000002
		endloop
	endfacet
	facet normal 0 0.9914448623322181 0.1305261849402234
		outer loop
			vertex 1.949999997019768 -0.38637033104896545 1.0964723825454714
			vertex 1.949999997019768 -0.4000000059604645 1.200000047683716
			vertex 2.1000000029802326 -0.38637033104896545 1.0964723825454714
		endloop
	endfacet
	facet normal 0 0.9914448623322181 0.1305261849402234
		outer loop
			vertex 1.949999997019768 -0.4000000059604645 1.200000047683716
			vertex 2.1000000029802326 -0.4000000059604645 1.200000047683716
			vertex 2.1000000029802326 -0.38637033104896545 1.0964723825454714
		endloop
	endfacet
	facet normal 0 0.9914448428822777 -0.13052633267711095
		outer loop
			vertex 1.949999997019768 -0.4000000059604645 1.200000047683716
			vertex 1.949999997019768 -0.38637033104896545 1.3035275936126711
			vertex 2.1000000029802326 -0.4000000059604645 1.200000047683716
		endloop
	endfacet
	facet normal 0 0.9914448428822777 -0.13052633267711095
		outer loop
			vertex 1.949999997019768 -0.38637033104896545 1.3035275936126711
			vertex 2.1000000029802326 -0.38637033104896545 1.3035275936126711
			vertex 2.1000000029802326 -0.4000000059604645 1.200000047683716
		endloop
	endfacet
	facet normal 0 0.923879510476666 -0.38268348556136567
		outer loop
			vertex 1.949999997019768 -0.38637033104896545 1.3035275936126711
			vertex 1.949999997019768 -0.3464101552963257 1.3999999761581423
			vertex 2.1000000029802326 -0.38637033104896545 1.3035275936126711
		endloop
	endfacet
	facet normal 0 0.923879510476666 -0.38268348556136567
		outer loop
			vertex 1.949999997019768 -0.3464101552963257 1.3999999761581423
			vertex 2.1000000029802326 -0.3464101552963257 1.3999999761581423
			vertex 2.1000000029802326 -0.38637033104896545 1.3035275936126711
		endloop
	endfacet
	facet normal 0 0.7933534121838706 -0.6087613353164029
		outer loop
			vertex 1.949999997019768 -0.3464101552963257 1.3999999761581423
			vertex 1.949999997019768 -0.2828427255153656 1.4828426837921145
			vertex 2.1000000029802326 -0.3464101552963257 1.3999999761581423
		endloop
	endfacet
	facet normal 0 0.7933534121838706 -0.6087613353164029
		outer loop
			vertex 1.949999997019768 -0.2828427255153656 1.4828426837921145
			vertex 2.1000000029802326 -0.2828427255153656 1.4828426837921145
			vertex 2.1000000029802326 -0.3464101552963257 1.3999999761581423
		endloop
	endfacet
	facet normal 0 0.608761805306978 -0.7933530515472852
		outer loop
			vertex 1.949999997019768 -0.2828427255153656 1.4828426837921145
			vertex 1.9499999970197681 -0.20000000298023224 1.546410202980042
			vertex 2.1000000029802326 -0.2828427255153656 1.4828426837921145
		endloop
	endfacet
	facet normal 0 0.6087618053069779 -0.7933530515472851
		outer loop
			vertex 1.9499999970197681 -0.20000000298023224 1.546410202980042
			vertex 2.1000000029802326 -0.20000000298023224 1.546410202980042
			vertex 2.1000000029802326 -0.2828427255153656 1.4828426837921145
		endloop
	endfacet
	facet normal 0 0.3826832419524482 -0.9238796113827624
		outer loop
			vertex 1.9499999970197681 -0.20000000298023224 1.546410202980042
			vertex 1.9499999970197681 -0.10352762043476105 1.5863703489303593
			vertex 2.1000000029802326 -0.20000000298023224 1.546410202980042
		endloop
	endfacet
	facet normal 0 0.3826832419524482 -0.9238796113827624
		outer loop
			vertex 1.9499999970197681 -0.10352762043476105 1.5863703489303593
			vertex 2.1000000029802326 -0.10352762043476105 1.5863703489303593
			vertex 2.1000000029802326 -0.20000000298023224 1.546410202980042
		endloop
	endfacet
	facet normal 0 0.1305262403415173 -0.9914448550384982
		outer loop
			vertex 1.9499999970197681 -0.10352762043476105 1.5863703489303593
			vertex 1.9499999970197681 4.8985870794684264e-17 1.6000000238418584
			vertex 2.1000000029802326 -0.10352762043476105 1.5863703489303593
		endloop
	endfacet
	facet normal 0 0.1305262403415173 -0.9914448550384982
		outer loop
			vertex 1.9499999970197681 4.8985870794684264e-17 1.6000000238418584
			vertex 2.1000000029802326 4.8985870794684264e-17 1.6000000238418584
			vertex 2.1000000029802326 -0.10352762043476105 1.5863703489303593
		endloop
	endfacet
	facet normal 0 -0.13052624034151744 -0.9914448550384982
		outer loop
			vertex 1.9499999970197681 4.8985870794684264e-17 1.6000000238418584
			vertex 1.9499999970197681 0.10352762043476105 1.5863703489303593
			vertex 2.1000000029802326 4.8985870794684264e-17 1.6000000238418584
		endloop
	endfacet
	facet normal 0 -0.13052624034151744 -0.9914448550384982
		outer loop
			vertex 1.9499999970197681 0.10352762043476105 1.5863703489303593
			vertex 2.1000000029802326 0.10352762043476105 1.5863703489303593
			vertex 2.1000000029802326 4.8985870794684264e-17 1.6000000238418584
		endloop
	endfacet
	facet normal 0 -0.3826832419524482 -0.9238796113827624
		outer loop
			vertex 1.9499999970197681 0.10352762043476105 1.5863703489303593
			vertex 1.9499999970197681 0.20000000298023224 1.546410202980042
			vertex 2.1000000029802326 0.10352762043476105 1.5863703489303593
		endloop
	endfacet
	facet normal 0 -0.3826832419524482 -0.9238796113827624
		outer loop
			vertex 1.9499999970197681 0.20000000298023224 1.546410202980042
			vertex 2.1000000029802326 0.20000000298023224 1.546410202980042
			vertex 2.1000000029802326 0.10352762043476105 1.5863703489303593
		endloop
	endfacet
	facet normal 0 -0.6087618053069779 -0.7933530515472851
		outer loop
			vertex 1.9499999970197681 0.20000000298023224 1.546410202980042
			vertex 1.949999997019768 0.2828427255153656 1.4828426837921145
			vertex 2.1000000029802326 0.20000000298023224 1.546410202980042
		endloop
	endfacet
	facet normal 0 -0.608761805306978 -0.7933530515472852
		outer loop
			vertex 1.949999997019768 0.2828427255153656 1.4828426837921145
			vertex 2.1000000029802326 0.2828427255153656 1.4828426837921145
			vertex 2.1000000029802326 0.20000000298023224 1.546410202980042
		endloop
	endfacet
	facet normal 0 -0.7933534121838706 -0.6087613353164029
		outer loop
			vertex 1.949999997019768 0.2828427255153656 1.4828426837921145
			vertex 1.949999997019768 0.3464101552963257 1.3999999761581423
			vertex 2.1000000029802326 0.2828427255153656 1.4828426837921145
		endloop
	endfacet
	facet normal 0 -0.7933534121838706 -0.6087613353164029
		outer loop
			vertex 1.949999997019768 0.3464101552963257 1.3999999761581423
			vertex 2.1000000029802326 0.3464101552963257 1.3999999761581423
			vertex 2.1000000029802326 0.2828427255153656 1.4828426837921145
		endloop
	endfacet
	facet normal 0 -0.923879510476666 -0.38268348556136567
		outer loop
			vertex 1.949999997019768 0.3464101552963257 1.3999999761581423
			vertex 1.949999997019768 0.38637033104896545 1.3035275936126711
			vertex 2.1000000029802326 0.3464101552963257 1.3999999761581423
		endloop
	endfacet
	facet normal 0 -0.923879510476666 -0.38268348556136567
		outer loop
			vertex 1.949999997019768 0.38637033104896545 1.3035275936126711
			vertex 2.1000000029802326 0.38637033104896545 1.3035275936126711
			vertex 2.1000000029802326 0.3464101552963257 1.3999999761581423
		endloop
	endfacet
	facet normal 0 -0.9914448428822777 -0.13052633267711095
		outer loop
			vertex 1.949999997019768 0.38637033104896545 1.3035275936126711
			vertex 1.949999997019768 0.4000000059604645 1.200000047683716
			vertex 2.1000000029802326 0.38637033104896545 1.3035275936126711
		endloop
	endfacet
	facet normal 0 -0.9914448428822777 -0.13052633267711095
		outer loop
			vertex 1.949999997019768 0.4000000059604645 1.200000047683716
			vertex 2.1000000029802326 0.4000000059604645 1.200000047683716
			vertex 2.1000000029802326 0.38637033104896545 1.3035275936126711
		endloop
	endfacet
	facet normal 0 -0.9914448623322181 0.1305261849402234
		outer loop
			vertex 1.949999997019768 0.4000000059604645 1.200000047683716
			vertex 1.949999997019768 0.38637033104896545 1.0964723825454714
			vertex 2.1000000029802326 0.4000000059604645 1.200000047683716
		endloop
	endfacet
	facet normal 0 -0.9914448623322181 0.1305261849402234
		outer loop
			vertex 1.949999997019768 0.38637033104896545 1.0964723825454714
			vertex 2.1000000029802326 0.38637033104896545 1.0964723825454714
			vertex 2.1000000029802326 0.4000000059604645 1.200000047683716
		endloop
	endfacet
	facet normal 0 -0.923879510476666 0.38268348556136567
		outer loop
			vertex 1.949999997019768 0.38637033104896545 1.0964723825454714
			vertex 1.949999997019768 0.3464101552963257 1.0000000000000002
			vertex 2.1000000029802326 0.38637033104896545 1.0964723825454714
		endloop
	endfacet
	facet normal 0 -0.923879510476666 0.38268348556136567
		outer loop
			vertex 1.949999997019768 0.3464101552963257 1.0000000000000002
			vertex 2.1000000029802326 0.3464101552963257 1.0000000000000002
			vertex 2.1000000029802326 0.38637033104896545 1.0964723825454714
		endloop
	endfacet
	facet normal 0 -0.7933534121838706 0.6087613353164029
		outer loop
			vertex 1.949999997019768 0.3464101552963257 1.0000000000000002
			vertex 1.949999997019768 0.2828427255153656 0.917157292366028
			vertex 2.1000000029802326 0.3464101552963257 1.0000000000000002
		endloop
	endfacet
	facet normal 0 -0.7933534121838706 0.6087613353164029
		outer loop
			vertex 1.949999997019768 0.2828427255153656 0.917157292366028
			vertex 2.1000000029802326 0.2828427255153656 0.917157292366028
			vertex 2.1000000029802326 0.3464101552963257 1.0000000000000002
		endloop
	endfacet
	facet normal 0 -0.6087614460332514 0.7933533272278529
		outer loop
			vertex 1.949999997019768 0.2828427255153656 0.917157292366028
			vertex 1.949999997019768 0.20000000298023224 0.8535898327827456
			vertex 2.1000000029802326 0.2828427255153656 0.917157292366028
		endloop
	endfacet
	facet normal 0 -0.6087614460332516 0.7933533272278529
		outer loop
			vertex 1.949999997019768 0.20000000298023224 0.8535898327827456
			vertex 2.100000002980232 0.20000000298023224 0.8535898327827456
			vertex 2.1000000029802326 0.2828427255153656 0.917157292366028
		endloop
	endfacet
	facet normal 0 -0.38268324195244824 0.9238796113827625
		outer loop
			vertex 1.949999997019768 0.20000000298023224 0.8535898327827456
			vertex 1.949999997019768 0.10352762043476105 0.8136296868324282
			vertex 2.100000002980232 0.20000000298023224 0.8535898327827456
		endloop
	endfacet
	facet normal 0 -0.38268324195244824 0.9238796113827625
		outer loop
			vertex 1.949999997019768 0.10352762043476105 0.8136296868324282
			vertex 2.100000002980232 0.10352762043476105 0.8136296868324282
			vertex 2.100000002980232 0.20000000298023224 0.8535898327827456
		endloop
	endfacet
	facet normal 0 -0.13052624034151736 0.9914448550384982
		outer loop
			vertex 1.949999997019768 0.10352762043476105 0.8136296868324282
			vertex 1.949999997019768 0 0.8000000119209292
			vertex 2.100000002980232 0.10352762043476105 0.8136296868324282
		endloop
	endfacet
	facet normal 0 -0.13052624034151736 0.9914448550384982
		outer loop
			vertex 1.949999997019768 0 0.8000000119209292
			vertex 2.100000002980232 0 0.8000000119209292
			vertex 2.100000002980232 0.10352762043476105 0.8136296868324282
		endloop
	endfacet
	facet normal 0 0 1
		outer loop
			vertex 1.949999997019768 0 0.8000000119209292
			vertex 1.949999997019768 -9.797174158936853e-17 0.8000000119209292
			vertex 2.100000002980232 0 0.8000000119209292
		endloop
	endfacet
	facet normal 0 0 1
		outer loop
			vertex 1.949999997019768 -9.797174158936853e-17 0.8000000119209292
			vertex 2.100000002980232 -9.797174158936853e-17 0.8000000119209292
			vertex 2.100000002980232 0 0.8000000119209292
		endloop
	endfacet
endsolid exported
